"0"	"X.Scan."	"Adduct"	"CAS_Number"	"Charge"	"Compound_Name"	"Compound_Source"	"Data_Collector"	"ExactMass"	"INCHI"	"INCHI_AUX"	"Instrument"	"IonMode"	"Ion_Source"	"LibMZ"	"LibraryName"	"LibraryQualityString"	"Library_Class"	"MQScore"	"MZErrorPPM"	"MassDiff"	"Organism"	"PI"	"Precursor_MZ"	"Pubmed_ID"	"RT_Query"	"SharedPeaks"	"Smiles"	"SpecCharge"	"SpecMZ"	"SpectrumFile"	"SpectrumID"	"TIC_Query"	"UpdateWorkflowName"	"tags"	"X"
"0"	100006	"M+H-H2O"	"123072300"	1	"Di-.gamma.-linolenin (6c,9c,12c)"	"Isolated"	"NIST"	0	"N/A"	"N/A"	"HCD"	"Positive"	"ESI"	595.472	"lib-00020.mgf"	"Bronze"	3	0.768926	3073.02	1.8299	"NIST14"	"NIST"	595.472	"N/A"	492.713	11	"N/A"	0	597.302	"spectra/specs_ms.pklbin"	"CCMSLIB00000289337"	24261.7	"UPDATE-SINGLE-ANNOTATED-BRONZE"	NA	NA
"0"	100266	"[M+H]+"	"153-18-4"	1	"Massbank:FIO00591 Rutin"	"Isolated"	"Massbank"	0	"1S/C27H30O16/c1-8-17(32)20(35)22(37)26(40-8)39-7-15-18(33)21(36)23(38)27(42-15)43-25-19(34)16-13(31)5-10(28)6-14(16)41-24(25)9-2-3-11(29)12(30)4-9/h2-6,8,15,17-18,20-23,26-33,35-38H,7H2,1H3/t8-,15+,17-,18+,20+,21-,22+,23+,26+,27-/m0/s1"	"N/A"	"LC-ESI-QTOF"	"Positive"	"ESI"	611.161	"lib-00000.mgf"	"Bronze"	3	0.934879	22.9695	0.0140381	"MASSBANK"	"Putative Massbank Match"	611.161	"N/A"	299.847	7	"c(c5)(O)cc(c(c52)C(C(O[C@H](O3)[C@@H]([C@H]([C@@H]([C@H]3CO[C@@H]([C@@H]4O)O[C@H]([C@@H]([C@H]4O)O)C)O)O)O)=C(O2)c(c1)ccc(O)c1O)=O)O"	0	611.147	"spectra/specs_ms.pklbin"	"CCMSLIB00000215990"	28477.9	"UPDATE-SINGLE-ANNOTATED-BRONZE"	NA	NA
"0"	100353	"M+H"	"N/A"	1	"MLS000863612-01!3-[4,5-dihydroxy-6-(hydroxymethyl)-3-[3,4,5-trihydroxy-6-(hydroxymethyl)oxan-2-yl]oxyoxan-2-yl]oxy-5,7-dihydroxy-2-(4-hydroxyphenyl)chromen-4-one"	"NIH Natural Product Library"	"VVP/LMS"	610.153	"N/A"	"N/A"	"qTof"	"Positive"	"LC-ESI"	611.161	"lib-00014.mgf"	"Gold"	1	0.772309	1.69775	0.0010376	"GNPS-NIH-NATURALPRODUCTSLIBRARY"	"Dorrestein"	611.161	"N/A"	296.326	9	"OCC1OC(OC2C(O)C(O)C(CO)OC2Oc3c(oc4cc(O)cc(O)c4c3=O)c5ccc(O)cc5)C(O)C(O)C1O"	0	611.16	"spectra/specs_ms.pklbin"	"CCMSLIB00000079957"	2935.71	"UPDATE-SINGLE-ANNOTATED-GOLD"	NA	NA
"613.1586_ 43.8086"	100481	"+"	"N/A"	1	"Glutathioneoxidized"	"Isolated"	"Metlin"	0	"N/A"	"N/A"	"=LCESIQTOFpos"	"Positive"	"LC-ESI"	613.159	"lib-00028.mgf"	"Bronze"	3	0.832684	0.398168	0.000244141	"METLIN_INTERIM"	"Metlin"	613.159	"N/A"	26.84	17	"N/A"	0	613.159	"spectra/specs_ms.pklbin"	"CCMSLIB00000418050"	225354	"UPDATE-SINGLE-ANNOTATED-BRONZE"	NA	NA
"0"	100514	"M+H"	"35098841"	1	"Dilinolenin (9c,12c,15c)"	"Isolated"	"NIST"	0	"N/A"	"N/A"	"HCD"	"Positive"	"ESI"	613.483	"lib-00020.mgf"	"Bronze"	3	0.791241	1.19388	0.000732422	"NIST14"	"NIST"	613.483	"N/A"	725.164	19	"N/A"	0	613.482	"spectra/specs_ms.pklbin"	"CCMSLIB00000289300"	21341.1	"UPDATE-SINGLE-ANNOTATED-BRONZE"	NA	NA
"0"	10062	"M+H-C4H11N"	"32795441"	1	"N-Acetylprocainamide"	"Isolated"	"NIST"	0	"N/A"	"N/A"	"QqQ"	"Positive"	"ESI"	205.097	"lib-00020.mgf"	"Bronze"	3	0.84859	8679.77	1.7802	"NIST14"	"NIST"	205.097	"N/A"	799.985	6	"N/A"	0	203.317	"spectra/specs_ms.pklbin"	"CCMSLIB00000225802"	3944.09	"UPDATE-SINGLE-ANNOTATED-BRONZE"	NA	NA
"0"	10243	"201.1"	"25354976"	1	"2-Hexyldecanoic acid"	"Isolated"	"NIST"	0	"N/A"	"N/A"	"IT/ion trap"	"Positive"	"ESI"	201.1	"lib-00020.mgf"	"Bronze"	3	0.783975	9711.52	1.95299	"NIST14"	"NIST"	201.1	"N/A"	607.135	6	"N/A"	0	203.053	"spectra/specs_ms.pklbin"	"CCMSLIB00000303197"	3413.16	"UPDATE-SINGLE-ANNOTATED-BRONZE"	NA	NA
"0"	103918	"2M+H"	"60924"	1	"Adenosine 3',5'-cyclic monophosphate"	"Isolated"	"NIST"	0	"N/A"	"N/A"	"HCD"	"Positive"	"ESI"	659.112	"lib-00020.mgf"	"Bronze"	3	0.763372	1.94464	0.00128174	"NIST14"	"NIST"	659.112	"N/A"	157.184	9	"N/A"	0	659.111	"spectra/specs_ms.pklbin"	"CCMSLIB00000281650"	9147.35	"UPDATE-SINGLE-ANNOTATED-BRONZE"	NA	NA
"0"	103919	"2M+H"	"634015"	1	"Adenosine 2',3'-cyclic monophosphate"	"Isolated"	"NIST"	0	"N/A"	"N/A"	"HCD"	"Positive"	"ESI"	659.112	"lib-00020.mgf"	"Bronze"	3	0.964176	1.94464	0.00128174	"NIST14"	"NIST"	659.112	"N/A"	41.999	8	"N/A"	0	659.111	"spectra/specs_ms.pklbin"	"CCMSLIB00000264961"	32471.6	"UPDATE-SINGLE-ANNOTATED-BRONZE"	NA	NA
"0"	103922	"2M+H"	"634015"	1	"Adenosine 2',3'-cyclic monophosphate"	"Isolated"	"NIST"	0	"N/A"	"N/A"	"HCD"	"Positive"	"ESI"	659.112	"lib-00020.mgf"	"Bronze"	3	0.894717	1.94464	0.00128174	"NIST14"	"NIST"	659.112	"N/A"	48.193	7	"N/A"	0	659.111	"spectra/specs_ms.pklbin"	"CCMSLIB00000264961"	4499.27	"UPDATE-SINGLE-ANNOTATED-BRONZE"	NA	NA
"0"	103939	"2M+H"	"108605-69-2"	1	"_130140"	"Isolated"	"Luzzatto"	329.09	"N/A"	"N/A"	"qToF"	"Positive"	"LC-ESI"	659.186	"lib-00008.mgf"	"Silver"	2	0.8128	115.369	0.0760498	"GNPS-LIBRARY"	"Cichewicz"	659.186	" "	309.857	8	"OC1=C(OC)C=C(/C=C/C(NC2=CC=C(O)C=C2C(O)=O)=O)C=C1"	0	659.262	"spectra/specs_ms.pklbin"	"CCMSLIB00000478547"	1968.87	"UPDATE-SINGLE-ANNOTATED-SILVER"	NA	NA
"0"	104061	"M+H-H2O"	"N/A"	1	"Glycan Le-Y Tetra"	"Isolated"	"NIST"	0	"N/A"	"N/A"	"HCD"	"Positive"	"ESI"	658.255	"lib-00020.mgf"	"Bronze"	3	0.715306	1720.75	1.13269	"NIST14"	"NIST"	658.255	"N/A"	623.58	7	"N/A"	0	659.388	"spectra/specs_ms.pklbin"	"CCMSLIB00000417062"	16265.3	"UPDATE-SINGLE-ANNOTATED-BRONZE"	NA	NA
"0"	104669	"M+H"	"53849"	1	".beta.-Nicotinamide adenine dinucleotide"	"Isolated"	"NIST"	0	"N/A"	"N/A"	"HCD"	"Positive"	"ESI"	664.116	"lib-00020.mgf"	"Bronze"	3	0.938068	0.551426	0.000366211	"NIST14"	"NIST"	664.116	"N/A"	35.997	21	"N/A"	0	664.116	"spectra/specs_ms.pklbin"	"CCMSLIB00000282824"	37435	"UPDATE-SINGLE-ANNOTATED-BRONZE"	NA	NA
"0"	105642	"M+H"	"923-61-5"	1	"1,2-dipalmitoyl-sn-glycero-3-phosphoethanolamine"	"Commercial"	"M Sandoval"	691.515	"N/A"	"N/A"	"Hybrid FT"	"Positive"	"DI-ESI"	692.52	"lib-00008.mgf"	"Bronze"	3	0.709211	2883.68	1.99701	"GNPS-LIBRARY"	"Dorrestein"	692.52	"N/A"	678.617	7	"N/A"	0	690.523	"spectra/specs_ms.pklbin"	"CCMSLIB00000071745"	51266.7	"UPDATE-SINGLE-ANNOTATED-BRONZE"	NA	NA
"691.1010_ 62.3806"	105656	"2M+H"	"7665998"	1	"Guanosine 3',5'-cyclic monophosphate"	"Isolated"	"NIST"	0	"N/A"	"N/A"	"HCD"	"Positive"	"ESI"	691.102	"lib-00020.mgf"	"Bronze"	3	0.939268	1.58968	0.00109863	"NIST14"	"NIST"	691.102	"N/A"	74.063	7	"N/A"	0	691.101	"spectra/specs_ms.pklbin"	"CCMSLIB00000283245"	75358.2	"UPDATE-SINGLE-ANNOTATED-BRONZE"	NA	NA
"0"	107079	"[M+H]"	"497155-61-0"	1	"ReSpect:PS112706 glucocerebrosides|Glucosyl (E,E)N(2-hydroxyhexadecanoyl)sphing-4,8-dienine"	"Isolated"	"ReSpect"	0	"N/A"	"N/A"	"Flow-injection QqQ/MS"	"Positive"	"ESI"	715.04	"lib-00005.mgf"	"Bronze"	3	0.812556	557.992	0.398987	"RESPECT"	"Putative ReSpect Match"	715.04	"N/A"	751.063	9	"no data"	0	714.641	"spectra/specs_ms.pklbin"	"CCMSLIB00000219861"	178099	"UPDATE-SINGLE-ANNOTATED-BRONZE"	NA	NA
"0"	107197	"M+H"	"26662953"	1	"2-Linoleoyl-1-palmitoyl-sn-glycero-3-phosphoethanolamine"	"Isolated"	"NIST"	0	"N/A"	"N/A"	"HCD"	"Positive"	"ESI"	716.523	"lib-00020.mgf"	"Bronze"	3	0.794594	0.766642	0.000549316	"NIST14"	"NIST"	716.523	"N/A"	730.56	14	"N/A"	0	716.522	"spectra/specs_ms.pklbin"	"CCMSLIB00000253940"	28200.8	"UPDATE-SINGLE-ANNOTATED-BRONZE"	NA	NA
"0"	107364	"M+H"	"26662942"	1	"1-Hexadecanoyl-2-(9Z-octadecenoyl)-sn-glycero-3-phosphoethanolamine"	"Isolated"	"NIST"	0	"N/A"	"N/A"	"HCD"	"Positive"	"ESI"	718.538	"lib-00020.mgf"	"Bronze"	3	0.7007	1.52898	0.00109863	"NIST14"	"NIST"	718.538	"N/A"	724.467	13	"N/A"	0	718.537	"spectra/specs_ms.pklbin"	"CCMSLIB00000253970"	29307.3	"UPDATE-SINGLE-ANNOTATED-BRONZE"	NA	NA
"0"	108666	"M+Na"	"26662942"	1	"1-Hexadecanoyl-2-(9Z-octadecenoyl)-sn-glycero-3-phosphoethanolamine"	"Isolated"	"NIST"	0	"N/A"	"N/A"	"HCD"	"Positive"	"ESI"	740.52	"lib-00020.mgf"	"Bronze"	3	0.723029	2.55508	0.00189209	"NIST14"	"NIST"	740.52	"N/A"	706.969	12	"N/A"	0	740.522	"spectra/specs_ms.pklbin"	"CCMSLIB00000253985"	11258.2	"UPDATE-SINGLE-ANNOTATED-BRONZE"	NA	NA
"0"	108713	"M+H"	"7266537"	1	"1-Stearoyl-2-linoleoyl-sn-glycero-3-phosphoethanolamine"	"Isolated"	"NIST"	0	"N/A"	"N/A"	"HCD"	"Positive"	"ESI"	744.554	"lib-00020.mgf"	"Bronze"	3	0.806688	2.37729	0.00177002	"NIST14"	"NIST"	744.554	"N/A"	729.026	12	"N/A"	0	744.552	"spectra/specs_ms.pklbin"	"CCMSLIB00000254001"	11838.1	"UPDATE-SINGLE-ANNOTATED-BRONZE"	NA	NA
"0"	109148	"M+H"	" "	1	"kaempferal-3-O-glc-1-3-rham-1-6-glucoside"	"Isolated"	"TJ Ling"	756.211	"InChI=1S/C33H40O20/c1-10-19(38)29(52-32-25(44)23(42)20(39)16(8-34)50-32)27(46)31(48-10)47-9-17-21(40)24(43)26(45)33(51-17)53-30-22(41)18-14(37)6-13(36)7-15(18)49-28(30)11-2-4-12(35)5-3-11/h2-7,10,16-17,19-21,23-27,29,31-40,42-46H,8-9H2,1H3/t10-,16+,17+,19-,20+,21+,23-,24-,25+,26+,27+,29+,31+,32-,33-/m0/s1"	" "	"qTof"	"Positive"	"LC-ESI"	756.211	"lib-00008.mgf"	"Bronze"	3	0.858967	88.5036	0.0670166	"GNPS-LIBRARY"	"TJ Ling"	756.211	" "	289.139	12	"O=C1C2=C(O)C=C(O)C=C2OC(C3=CC=C(O)C=C3)=C1O[C@@H]4O[C@H](CO[C@H]5[C@H](O)[C@H](O[C@@H]6O[C@H](CO)[C@@H](O)[C@H](O)[C@H]6O)[C@@H](O)[C@H](C)O5)[C@@H](O)[C@H](O)[C@H]4O"	0	757.152	"spectra/specs_ms.pklbin"	"CCMSLIB00000578384"	73993.3	"UPDATE-SINGLE-ANNOTATED-BRONZE"	NA	NA
"758.3856_355.0536"	109250	"M+2H"	"N/A"	2	"Maltacine_B2b_53515_dereplictor_pv_5.21654e-12"	"N/A"	"N/A"	0	"N/A"	"N/A"	"N/A"	"N/A"	"N/A"	758.388	"lib-00003.mgf"	"Bronze"	3	0.750622	19.7981	757.395	"DEREPLICATOR_IDENTIFIED_LIBRARY"	"Pevzner"	758.388	"N/A"	369.217	43	"[H]OC(=O)C([H])([H])C([H])([H])C1([H])N([H])C(=O)C([H])(N([H])C(=O)C([H])(N([H])C(=O)C([H])(N([H])C(=O)C([H])(N([H])C(=O)C2([H])N([H])C([H])([H])C([H])([H])C2([H])[H])C([H])([H])C([H])([H])C(=O)N([H])[H])C([H])([H])C2=C([H])C([H])=C(O[H])C([H])=C2[H])C([H])([H])C([H])([H])C([H])([H])C([H])([H])OC(=O)C([H])(N([H])C(=O)C([H])(N([H])C(=O)C([H])(N([H])C(=O)C([H])(N([H])C(=O)C([H])(N([H])C(=O)C([H])(N([H])C1=O)C([H])(O[H])C([H])([H])[H])C([H])([H])C1=C([H])C([H])=C(O[H])C([H])=C1[H])C([H])([H])C([H])([H])C([H])([H])C([H])([H])N([H])[H])C([H])([H])C([H])([H])C([H])([H])C([H])([H])O[H])C([H])([H])C1=C([H])C([H])=C(O[H])C([H])=C1[H])C([H])(C([H])([H])[H])C([H])([H])C([H])([H])[H])C([H])([H])[H]"	0	758.373	"spectra/specs_ms.pklbin"	"CCMSLIB00000577813"	99806.2	"UPDATE-SINGLE-ANNOTATED-BRONZE"	NA	NA
"0"	109299	"M+H"	"130614061"	1	"1-Hexadecanoyl-2-octadecadienoyl-sn-glycero-3-phosphocholine"	"Isolated"	"NIST"	0	"N/A"	"N/A"	"Q-TOF"	"Positive"	"ESI"	758.569	"lib-00020.mgf"	"Bronze"	3	0.905759	1.8506	0.00140381	"NIST14"	"NIST"	758.569	"N/A"	756.605	6	"N/A"	0	758.568	"spectra/specs_ms.pklbin"	"CCMSLIB00000335875"	38619.7	"UPDATE-SINGLE-ANNOTATED-BRONZE"	NA	NA
"771.2141_313.2888"	109610	"M+H"	" "	1	"Anthocyanin [M+]|Coumaroylated Anthocyanidin Gloucoside|3-(Coum-Rha-Glc)-Petunidin"	"Crude"	"D Floros"	771.214	" "	" "	"qTof"	"Positive"	"LC-ESI"	771.213	"lib-00008.mgf"	"Bronze"	3	0.895283	290.45	0.223999	"GNPS-LIBRARY"	"P Dorrestein"	771.213	" "	313.372	16	"CC1C(OC(/C=C/C2=CC=C(O)C=C2)=O)C(O)C(O)C(OCC3C(O)C(O)C(O)C(OC4=C(C5=CC(O)=C(O)C(OC)=C5)[O+]=C6C=C(O)C=C(O)C6=C4)O3)O1"	0	771.437	"spectra/specs_ms.pklbin"	"CCMSLIB00000574547"	90146.7	"UPDATE-SINGLE-ANNOTATED-BRONZE"	NA	NA
"0"	109706	"M+H"	" "	1	"quercetin-3-O-glc-1-3-rham-1-6-glucoside"	"Isolated"	"TJ Ling"	772.206	"InChI=1S/C33H40O21/c1-9-19(39)29(53-32-25(45)23(43)20(40)16(7-34)51-32)27(47)31(49-9)48-8-17-21(41)24(44)26(46)33(52-17)54-30-22(42)18-14(38)5-11(35)6-15(18)50-28(30)10-2-3-12(36)13(37)4-10/h2-6,9,16-17,19-21,23-27,29,31-41,43-47H,7-8H2,1H3/t9-,16+,17+,19-,20+,21+,23-,24-,25+,26+,27+,29+,31+,32-,33-/m0/s1"	" "	"qTof"	"Positive"	"LC-ESI"	773.215	"lib-00008.mgf"	"Bronze"	3	0.868139	1.34193	0.0010376	"GNPS-LIBRARY"	"TJ Ling"	773.215	" "	283.32	9	"O=C1C2=C(O)C=C(O)C=C2OC(C3=CC(O)=C(O)C=C3)=C1O[C@@H]4O[C@H](CO[C@H]5[C@H](O)[C@H](O[C@@H]6O[C@H](CO)[C@@H](O)[C@H](O)[C@H]6O)[C@@H](O)[C@H](C)O5)[C@@H](O)[C@H](O)[C@H]4O"	0	773.214	"spectra/specs_ms.pklbin"	"CCMSLIB00000578397"	18863.9	"UPDATE-SINGLE-ANNOTATED-BRONZE"	NA	NA
"0"	109787	"M+Na"	"26853316"	1	"1-Hexadecanoyl-2-(9Z-octadecenoyl)-sn-glycero-3-phosphocholine"	"Isolated"	"NIST"	0	"N/A"	"N/A"	"HCD"	"Positive"	"ESI"	782.567	"lib-00020.mgf"	"Bronze"	3	0.916261	74.1718	0.0580444	"NIST14"	"NIST"	782.567	"N/A"	715.535	11	"N/A"	0	782.509	"spectra/specs_ms.pklbin"	"CCMSLIB00000253733"	54934	"UPDATE-SINGLE-ANNOTATED-BRONZE"	NA	NA
"0"	11113	"M+H"	"779306"	1	"3-Acetamidocoumarin"	"Isolated"	"NIST"	0	"N/A"	"N/A"	"HCD"	"Positive"	"ESI"	204.066	"lib-00020.mgf"	"Bronze"	3	0.735367	5044.93	1.0295	"NIST14"	"NIST"	204.066	"N/A"	84.837	6	"N/A"	0	205.095	"spectra/specs_ms.pklbin"	"CCMSLIB00000330779"	12048.5	"UPDATE-SINGLE-ANNOTATED-BRONZE"	NA	NA
"0"	11119	"M+H-NH3"	"4350098"	1	"5-Hydroxy-L-tryptophan"	"Isolated"	"NIST"	0	"N/A"	"N/A"	"HCD"	"Positive"	"ESI"	204.066	"lib-00020.mgf"	"Bronze"	3	0.720736	4878.33	0.995499	"NIST14"	"NIST"	204.066	"N/A"	140.76	6	"N/A"	0	205.061	"spectra/specs_ms.pklbin"	"CCMSLIB00000288259"	5086.1	"UPDATE-SINGLE-ANNOTATED-BRONZE"	NA	NA
"0"	11120	"M+H-NH3"	"4350098"	1	"5-Hydroxy-L-tryptophan"	"Isolated"	"NIST"	0	"N/A"	"N/A"	"HCD"	"Positive"	"ESI"	204.066	"lib-00020.mgf"	"Bronze"	3	0.783405	4873.39	0.994492	"NIST14"	"NIST"	204.066	"N/A"	183.029	6	"N/A"	0	205.06	"spectra/specs_ms.pklbin"	"CCMSLIB00000288258"	1705.53	"UPDATE-SINGLE-ANNOTATED-BRONZE"	NA	NA
"0"	11155	"M+H"	"153-94-6"	0	"D-Tryptophan"	"Isolated"	"N/A"	0	"InChI=1S/C11H12N2O2/c12-9(11(14)15)5-7-6-13-10-4-2-1-3-8(7)10/h1-4,6,9,13H,5,12H2,(H,14,15)/t9-/m1/s1"	"N/A"	"LC-ESI-QTOF"	"Positive-20eV"	"LC-ESI"	205.097	"lib-00017.mgf"	"Bronze"	3	0.868023	0.892774	0.000183105	"METLIN"	"Metlin"	205.097	"N/A"	195.451	6	"N/A"	0	205.097	"spectra/specs_ms.pklbin"	"CCMSLIB00000505278"	1702.29	"UPDATE-SINGLE-ANNOTATED-BRONZE"	NA	NA
"0"	11350	"M+H"	"73223"	1	"L-Tryptophan"	"Isolated"	"NIST"	0	"N/A"	"N/A"	"Q-TOF"	"Positive"	"ESI"	205.097	"lib-00020.mgf"	"Bronze"	3	0.919902	7117.64	1.45981	"NIST14"	"NIST"	205.097	"N/A"	154.763	6	"N/A"	0	206.557	"spectra/specs_ms.pklbin"	"CCMSLIB00000371130"	1794.18	"UPDATE-SINGLE-ANNOTATED-BRONZE"	NA	NA
"917.2703_307.8107"	115651	"M+H"	" "	1	"Anthocyanin [M+]|Coumaroylated Anthocyanidin Gloucoside|3-(Coum-Rha-Glc)-5-Glc-DeoxyPetunidin"	"Crude"	"D Floros"	917.272	" "	" "	"qTof"	"Positive"	"LC-ESI"	917.272	"lib-00008.mgf"	"Bronze"	3	0.734264	548.422	0.503052	"GNPS-LIBRARY"	"P Dorrestein"	917.272	" "	302.782	16	"CC1C(OC(/C=C/C2=CC=C(O)C=C2)=O)C(O)C(O)C(OCC3C(O)C(O)C(O)C(OC(C(C4=CC(OC)=C(O)C(O)=C4)=[O+]5)=CC6=C5C=CC=C6OC7C(O)C(O)C(O)C(CO)O7)O3)O1"	0	917.775	"spectra/specs_ms.pklbin"	"CCMSLIB00000574548"	246984	"UPDATE-SINGLE-ANNOTATED-BRONZE"	NA	NA
"933.2668_297.4024"	115802	"M+H"	" "	1	"Anthocyanin [M+]|Coumaroylated Anthocyanidin Gloucoside|3-(Coum-Rha-Glc)-5-Glc-Petunidin"	"Crude"	"D Floros"	933.266	" "	" "	"qTof"	"Positive"	"LC-ESI"	933.268	"lib-00008.mgf"	"Bronze"	3	0.925994	8.56732	0.00799561	"GNPS-LIBRARY"	"P Dorrestein"	933.268	" "	295.762	16	"CC1C(C(C(C(O1)OCC2C(C(C(C(O2)OC3=C([O+]=C4C=C(C=C(C4=C3)OC5C(C(C(C(O5)CO)O)O)O)O)C6=CC(=C(C(=C6)OC)O)O)O)O)O)O)O)OC(=O)C=CC7=CC=C(C=C7)O"	0	933.26	"spectra/specs_ms.pklbin"	"CCMSLIB00000574546"	55741.1	"UPDATE-SINGLE-ANNOTATED-BRONZE"	NA	NA
"933.2668_297.4024"	115808	"M+H"	" "	1	"Anthocyanin [M+]|Coumaroylated Anthocyanidin Gloucoside|3-(Coum-Rha-Glc)-5-Glc-Petunidin"	"Crude"	"D Floros"	933.266	" "	" "	"qTof"	"Positive"	"LC-ESI"	933.268	"lib-00008.mgf"	"Bronze"	3	0.984641	2.15818	0.00201416	"GNPS-LIBRARY"	"P Dorrestein"	933.268	" "	292.537	28	"CC1C(C(C(C(O1)OCC2C(C(C(C(O2)OC3=C([O+]=C4C=C(C=C(C4=C3)OC5C(C(C(C(O5)CO)O)O)O)O)C6=CC(=C(C(=C6)OC)O)O)O)O)O)O)O)OC(=O)C=CC7=CC=C(C=C7)O"	0	933.266	"spectra/specs_ms.pklbin"	"CCMSLIB00000574546"	222427	"UPDATE-SINGLE-ANNOTATED-BRONZE"	NA	NA
"0"	115811	"M+H"	" "	1	"Anthocyanin [M+]|Coumaroylated Anthocyanidin Gloucoside|3-(Coum-Rha-Glc)-5-Glc-Petunidin"	"Crude"	"D Floros"	933.266	" "	" "	"qTof"	"Positive"	"LC-ESI"	933.268	"lib-00008.mgf"	"Bronze"	3	0.893713	130.733	0.122009	"GNPS-LIBRARY"	"P Dorrestein"	933.268	" "	326.874	15	"CC1C(C(C(C(O1)OCC2C(C(C(C(O2)OC3=C([O+]=C4C=C(C=C(C4=C3)OC5C(C(C(C(O5)CO)O)O)O)O)C6=CC(=C(C(=C6)OC)O)O)O)O)O)O)O)OC(=O)C=CC7=CC=C(C=C7)O"	0	933.146	"spectra/specs_ms.pklbin"	"CCMSLIB00000574546"	7771.74	"UPDATE-SINGLE-ANNOTATED-BRONZE"	NA	NA
"0"	115875	"M+H"	" "	1	"Anthocyanin [M+]|Coumaroylated Anthocyanidin Gloucoside|3-(Coum-Rha-Glc)-5-Glc-Petunidin"	"Crude"	"D Floros"	933.266	" "	" "	"qTof"	"Positive"	"LC-ESI"	933.268	"lib-00008.mgf"	"Bronze"	3	0.725095	9.67911	0.0090332	"GNPS-LIBRARY"	"P Dorrestein"	933.268	" "	344.448	12	"CC1C(C(C(C(O1)OCC2C(C(C(C(O2)OC3=C([O+]=C4C=C(C=C(C4=C3)OC5C(C(C(C(O5)CO)O)O)O)O)C6=CC(=C(C(=C6)OC)O)O)O)O)O)O)O)OC(=O)C=CC7=CC=C(C=C7)O"	0	933.259	"spectra/specs_ms.pklbin"	"CCMSLIB00000574546"	1571.11	"UPDATE-SINGLE-ANNOTATED-BRONZE"	NA	NA
"0"	11708	"M+H-H2O"	"473154"	1	".beta.-Eudesmol"	"Isolated"	"NIST"	0	"N/A"	"N/A"	"IT/ion trap"	"Positive"	"ESI"	205.195	"lib-00020.mgf"	"Bronze"	3	0.813026	9395.46	1.9279	"NIST14"	"NIST"	205.195	"N/A"	628.627	6	"N/A"	0	207.123	"spectra/specs_ms.pklbin"	"CCMSLIB00000347537"	2511.42	"UPDATE-SINGLE-ANNOTATED-BRONZE"	NA	NA
"0"	13943	"[M+H]"	"73-22-3"	1	"ReSpect:PS005504 L-Tryptophane|L-Trp|L-alpha-Amino-3-indolepropionic Acid|3-beta-Indolylalanine|(S)-2-Amino-3-(3-indolyl)propionic acid"	"Isolated"	"ReSpect"	0	"N/A"	"N/A"	"Flow-injection QqQ/MS"	"Positive"	"ESI"	205.24	"lib-00019.mgf"	"Bronze"	3	0.839069	9301.29	1.909	"RESPECT"	"Putative ReSpect Match"	205.24	"N/A"	221.685	7	"C1=CC=C2C(=C1)C(=CN2)CC(C(=O)O)N"	0	207.149	"spectra/specs_ms.pklbin"	"CCMSLIB00000212589"	81613.9	"UPDATE-SINGLE-ANNOTATED-BRONZE"	NA	NA
"0"	14157	"M+H"	"2922830"	1	"L-Kynurenine"	"Isolated"	"NIST"	0	"N/A"	"N/A"	"Q-TOF"	"Positive"	"ESI"	209.092	"lib-00020.mgf"	"Bronze"	3	0.913515	47.3617	0.00990295	"NIST14"	"NIST"	209.092	"N/A"	67.624	7	"N/A"	0	209.102	"spectra/specs_ms.pklbin"	"CCMSLIB00000353119"	76311.6	"UPDATE-SINGLE-ANNOTATED-BRONZE"	NA	NA
"0"	14216	"[M+H]+"	"N/A"	1	"MassbankEU:ETS00011 OP (TENTATIVE)|octyl phenol|4-octylphenol"	"Isolated"	"Massbank"	0	"1S/C14H22O/c1-2-3-4-5-6-7-8-13-9-11-14(15)12-10-13/h9-12,15H,2-8H2,1H3"	"N/A"	"LC-ESI-ITFT"	"Positive"	"ESI"	207.174	"lib-00007.mgf"	"Bronze"	3	0.711775	9436.52	1.955	"MASSBANKEU"	"Massbank EU"	207.174	"N/A"	486.801	6	"Oc1ccc(cc1)CCCCCCCC"	0	209.129	"spectra/specs_ms.pklbin"	"CCMSLIB00000579027"	21664.5	"UPDATE-SINGLE-ANNOTATED-BRONZE"	NA	NA
"0"	14325	"M+2H]"	"N/A"	1	"Phe-Cys-Arg"	"Isolated"	"NIST"	0	"N/A"	"N/A"	"Q-TOF"	"Positive"	"ESI"	213.102	"lib-00020.mgf"	"Bronze"	3	0.744136	9295.53	1.9809	"NIST14"	"NIST"	213.102	"N/A"	164.831	6	"N/A"	0	211.121	"spectra/specs_ms.pklbin"	"CCMSLIB00000387568"	45427.2	"UPDATE-SINGLE-ANNOTATED-BRONZE"	NA	NA
"0"	1449	"M-H"	"2380781"	1	"4-Hydroxy-3-methoxyphenethyl alcohol"	"Isolated"	"NIST"	0	"N/A"	"N/A"	"IT/ion trap"	"Negative"	"ESI"	167.071	"lib-00020.mgf"	"Bronze"	3	0.784654	5880.07	0.982391	"NIST14"	"NIST"	167.071	"N/A"	259.809	6	"N/A"	0	166.089	"spectra/specs_ms.pklbin"	"CCMSLIB00000409488"	1925.7	"UPDATE-SINGLE-ANNOTATED-BRONZE"	NA	NA
"0"	14762	"M+2H]"	"N/A"	1	"Tyr-Asp-Lys"	"Isolated"	"NIST"	0	"N/A"	"N/A"	"Q-TOF"	"Positive"	"ESI"	213.105	"lib-00020.mgf"	"Bronze"	3	0.917109	4482.29	0.9552	"NIST14"	"NIST"	213.105	"N/A"	194.09	6	"N/A"	0	212.15	"spectra/specs_ms.pklbin"	"CCMSLIB00000391981"	19247.8	"UPDATE-SINGLE-ANNOTATED-BRONZE"	NA	NA
"0"	18863	"M+H"	"91532"	1	"Ethoxyquin"	"Isolated"	"NIST"	0	"N/A"	"N/A"	"HCD"	"Positive"	"ESI"	218.154	"lib-00020.mgf"	"Bronze"	3	0.716618	2613.29	0.570099	"NIST14"	"NIST"	218.154	"N/A"	552.006	6	"N/A"	0	218.724	"spectra/specs_ms.pklbin"	"CCMSLIB00000289772"	3583.5	"UPDATE-SINGLE-ANNOTATED-BRONZE"	NA	NA
"0"	19111	"M+H"	"98500"	1	"4-Arsanilic acid"	"Isolated"	"NIST"	0	"N/A"	"N/A"	"Q-TOF"	"Positive"	"ESI"	217.979	"lib-00020.mgf"	"Bronze"	3	0.72437	5572.58	1.21471	"NIST14"	"NIST"	217.979	"N/A"	131.948	6	"N/A"	0	219.194	"spectra/specs_ms.pklbin"	"CCMSLIB00000370222"	6913.51	"UPDATE-SINGLE-ANNOTATED-BRONZE"	NA	NA
"0"	19136	"M+H"	"6750-60-3"	0	"Spathulenol"	"Isolated"	"N/A"	0	"InChI=1S/C15H24O/c1-9-5-6-11-13(14(11,2)3)12-10(9)7-8-15(12,4)16/h10-13,16H,1,5-8H2,2-4H3/t10-,11+,12+,13+,15-/m0/s1"	"N/A"	"LC-ESI-QTOF"	"Positive-0eV"	"LC-ESI"	221.19	"lib-00017.mgf"	"Bronze"	3	0.764513	4950.36	1.09497	"METLIN"	"Metlin"	221.19	"N/A"	213.15	7	"N/A"	0	220.095	"spectra/specs_ms.pklbin"	"CCMSLIB00000508527"	21613.7	"UPDATE-SINGLE-ANNOTATED-BRONZE"	NA	NA
"0"	19267	"219.9"	"573951209"	1	"9-Oxo-prosta-10,12Z,14E-trienoic acid"	"Isolated"	"NIST"	0	"N/A"	"N/A"	"IT/ion trap"	"Negative"	"ESI"	219.9	"lib-00020.mgf"	"Bronze"	3	0.717506	2423.78	0.53299	"NIST14"	"NIST"	219.9	"N/A"	810.99	6	"N/A"	0	219.367	"spectra/specs_ms.pklbin"	"CCMSLIB00000237270"	3332.92	"UPDATE-SINGLE-ANNOTATED-BRONZE"	NA	NA
"0"	19313	"217.2"	"28874580"	1	"cis-7,10,13,16-Docosatetraenoic acid"	"Isolated"	"NIST"	0	"N/A"	"N/A"	"IT/ion trap"	"Positive"	"ESI"	217.2	"lib-00020.mgf"	"Bronze"	3	0.756382	9088.39	1.974	"NIST14"	"NIST"	217.2	"N/A"	552.496	7	"N/A"	0	219.174	"spectra/specs_ms.pklbin"	"CCMSLIB00000323385"	1725.2	"UPDATE-SINGLE-ANNOTATED-BRONZE"	NA	NA
"0"	19451	"[M+H]"	"79-83-4"	1	"ReSpect:PT110060 D-Pantothenic acid hemicalcium salt|Vitamin B5|D-Pantothenic Acid|(R)-Pantothenate|(R)-(+)-N-(2,4-Dihydroxy-3,3-dimethyl-1-oxobutyl)-beta-alanine|3-[[(2R)-2,4-dihydroxy-3,3-dimethylbutanoyl]amino]prop"	"Isolated"	"ReSpect"	0	"1/C9H17NO5/c1-9(2,5-11)7(14)8(15)10-4-3-6(12)13/h7,11,14H,3-5H2,1-2H3,(H,10,15)(H,12,13)/t7-/m0/s1/f/h10,12H"	"N/A"	"LC-Q-TOF/MS"	"Positive"	"ESI"	220.118	"lib-00019.mgf"	"Bronze"	3	0.714735	2.14895	0.000473022	"RESPECT"	"Putative ReSpect Match"	220.118	"N/A"	130.925	6	"CC(C)(CO)C(C(=O)NCCC(=O)O)O"	0	220.118	"spectra/specs_ms.pklbin"	"CCMSLIB00000221537"	188587	"UPDATE-SINGLE-ANNOTATED-BRONZE"	NA	NA
"0"	19971	"M+H"	"N/A"	1	"Gly-Phe"	"Isolated"	"NIST"	0	"N/A"	"N/A"	"Q-TOF"	"Positive"	"ESI"	223.108	"lib-00020.mgf"	"Bronze"	3	0.916014	3.14603	0.000701904	"NIST14"	"NIST"	223.108	"N/A"	124.952	6	"N/A"	0	223.107	"spectra/specs_ms.pklbin"	"CCMSLIB00000385261"	2848.5	"UPDATE-SINGLE-ANNOTATED-BRONZE"	NA	NA
"0"	20831	"M+2H]"	"N/A"	1	"Tyr-Asp-Arg"	"Isolated"	"NIST"	0	"N/A"	"N/A"	"Q-TOF"	"Positive"	"ESI"	227.108	"lib-00020.mgf"	"Bronze"	3	0.768845	4281.24	0.972305	"NIST14"	"NIST"	227.108	"N/A"	185.845	8	"N/A"	0	226.136	"spectra/specs_ms.pklbin"	"CCMSLIB00000391990"	11160.7	"UPDATE-SINGLE-ANNOTATED-BRONZE"	NA	NA
"0"	21744	"231.1"	"128336"	1	"Zymosterol"	"Isolated"	"NIST"	0	"N/A"	"N/A"	"IT/ion trap"	"Positive"	"ESI"	231.1	"lib-00020.mgf"	"Bronze"	3	0.708066	8507.15	1.966	"NIST14"	"NIST"	231.1	"N/A"	38.763	6	"N/A"	0	229.134	"spectra/specs_ms.pklbin"	"CCMSLIB00000252494"	69429.3	"UPDATE-SINGLE-ANNOTATED-BRONZE"	NA	NA
"0"	2210	"M+2H]"	"N/A"	1	"Lys-Trp"	"Isolated"	"NIST"	0	"N/A"	"N/A"	"Q-TOF"	"Positive"	"ESI"	167.1	"lib-00020.mgf"	"Bronze"	3	0.901718	4196.86	0.701294	"NIST14"	"NIST"	167.1	"N/A"	61.528	7	"N/A"	0	167.801	"spectra/specs_ms.pklbin"	"CCMSLIB00000385732"	2663.73	"UPDATE-SINGLE-ANNOTATED-BRONZE"	NA	NA
"0"	23037	"229.1"	"N/A"	1	"13,14-Dihydro-16,16-difluoro Prostaglandin F2.alpha."	"Isolated"	"NIST"	0	"N/A"	"N/A"	"IT/ion trap"	"Positive"	"ESI"	229.1	"lib-00020.mgf"	"Bronze"	3	0.82893	4535.14	1.039	"NIST14"	"NIST"	229.1	"N/A"	522.56	6	"N/A"	0	230.139	"spectra/specs_ms.pklbin"	"CCMSLIB00000245047"	1798.4	"UPDATE-SINGLE-ANNOTATED-BRONZE"	NA	NA
"0"	2317	"M+H"	"332809"	1	"L-Histidine, 1-methyl-"	"Isolated"	"NIST"	0	"N/A"	"N/A"	"Q-TOF"	"Positive"	"ESI"	170.092	"lib-00020.mgf"	"Bronze"	3	0.890248	6857.52	1.16641	"NIST14"	"NIST"	170.092	"N/A"	42.108	6	"N/A"	0	168.926	"spectra/specs_ms.pklbin"	"CCMSLIB00000352885"	6317.45	"UPDATE-SINGLE-ANNOTATED-BRONZE"	NA	NA
"0"	2324	"M+H"	"244633"	1	"Norharmane"	"Isolated"	"NIST"	0	"N/A"	"N/A"	"Q-TOF"	"Positive"	"ESI"	169.076	"lib-00020.mgf"	"Bronze"	3	0.969678	5689.69	0.96199	"NIST14"	"NIST"	169.076	"N/A"	202.875	6	"N/A"	0	170.038	"spectra/specs_ms.pklbin"	"CCMSLIB00000368421"	53551	"UPDATE-SINGLE-ANNOTATED-BRONZE"	NA	NA
"170.0815_ 33.6238"	2361	"M+H"	"65236"	1	"Pyridoxine"	"Isolated"	"NIST"	0	"N/A"	"N/A"	"Q-TOF"	"Positive"	"ESI"	170.081	"lib-00020.mgf"	"Bronze"	3	0.945413	3552.43	0.604202	"NIST14"	"NIST"	170.081	"N/A"	31.055	6	"N/A"	0	169.477	"spectra/specs_ms.pklbin"	"CCMSLIB00000368149"	30225.8	"UPDATE-SINGLE-ANNOTATED-BRONZE"	NA	NA
"0"	25571	"M+H"	"N/A"	1	"1,2,3,4-tetrahydroharmane-3-carboxylic acid"	"Commercial"	"CASMI2016"	0	"InChI=1S/C13H14N2O2/c1-7-12-9(6-11(14-7)13(16)17)8-4-2-3-5-10(8)15-12/h2-5,7,11,14-15H,6H2,1H3,(H,16,17)"	" "	"qTof"	"Positive"	"LC-ESI"	231.114	"lib-00015.mgf"	"Gold"	1	0.786377	0	0	"CASMI"	"CASMI"	231.114	"73530"	215.507	6	"N/A"	0	231.114	"spectra/specs_ms.pklbin"	"CCMSLIB00000579738"	7320.53	"UPDATE-SINGLE-ANNOTATED-GOLD"	NA	NA
"0"	2681	"175.1"	"544718"	1	"Conjugated linoleic acid (9E,11E)"	"Isolated"	"NIST"	0	"N/A"	"N/A"	"IT/ion trap"	"Positive"	"ESI"	175.1	"lib-00020.mgf"	"Bronze"	3	0.723102	3055.33	0.534988	"NIST14"	"NIST"	175.1	"N/A"	553.238	6	"N/A"	0	175.635	"spectra/specs_ms.pklbin"	"CCMSLIB00000316261"	3344.14	"UPDATE-SINGLE-ANNOTATED-BRONZE"	NA	NA
"0"	26854	"M+H"	"5874908"	1	"L-Ala-L-Ala-L-Ala"	"Isolated"	"NIST"	0	"N/A"	"N/A"	"QqQ"	"Positive"	"ESI"	232.129	"lib-00020.mgf"	"Bronze"	3	0.710777	8541.81	1.9828	"NIST14"	"NIST"	232.129	"N/A"	173.282	8	"N/A"	0	234.112	"spectra/specs_ms.pklbin"	"CCMSLIB00000336351"	70143.1	"UPDATE-SINGLE-ANNOTATED-BRONZE"	NA	NA
"0"	27313	"M+H"	"15991136"	1	"Methyl 7-hydroxycoumarin-4-acetate"	"Isolated"	"NIST"	0	"N/A"	"N/A"	"HCD"	"Positive"	"ESI"	235.06	"lib-00020.mgf"	"Bronze"	3	0.799682	863.167	0.202896	"NIST14"	"NIST"	235.06	"N/A"	243.275	6	"N/A"	0	235.263	"spectra/specs_ms.pklbin"	"CCMSLIB00000262111"	6558.92	"UPDATE-SINGLE-ANNOTATED-BRONZE"	NA	NA
"0"	28482	"237.1"	"3468017"	1	"8-Carboxy-3-methylflavone"	"Isolated"	"NIST"	0	"N/A"	"N/A"	"IT/ion trap"	"Positive"	"ESI"	237.1	"lib-00020.mgf"	"Bronze"	3	0.701019	4297.75	1.019	"NIST14"	"NIST"	237.1	"N/A"	204.884	6	"N/A"	0	238.119	"spectra/specs_ms.pklbin"	"CCMSLIB00000325895"	1887.89	"UPDATE-SINGLE-ANNOTATED-BRONZE"	NA	NA
"0"	28538	"237.1"	"63968649"	1	"Artemisinin"	"Isolated"	"NIST"	0	"N/A"	"N/A"	"IT/ion trap"	"Positive"	"ESI"	237.1	"lib-00020.mgf"	"Bronze"	3	0.714135	7237.4	1.71599	"NIST14"	"NIST"	237.1	"N/A"	136.749	6	"N/A"	0	238.816	"spectra/specs_ms.pklbin"	"CCMSLIB00000269734"	19253.4	"UPDATE-SINGLE-ANNOTATED-BRONZE"	NA	NA
"0"	30581	"[M+H]+"	"147-94-4"	1	"Massbank:KO008896 Cytosine arabinoside|Cytarabine|Cytosine-1-beta-D-arabinofuranoside"	"Isolated"	"Massbank"	0	"1S/C9H13N3O5/c10-5-1-2-12(9(16)11-5)8-7(15)6(14)4(3-13)17-8/h1-2,4,6-8,13-15H,3H2,(H2,10,11,16)/t4-,6-,7+,8-/m1/s1"	"N/A"	"LC-ESI-IT"	"Positive"	"ESI"	244	"lib-00000.mgf"	"Bronze"	3	0.892241	381.157	0.0930023	"MASSBANK"	"Putative Massbank Match"	244	"N/A"	23.261	6	"OCC(O1)C(O)C(O)C1N(C=2)C(=O)N=C(N)C2"	0	244.093	"spectra/specs_ms.pklbin"	"CCMSLIB00000221145"	54102.9	"UPDATE-SINGLE-ANNOTATED-BRONZE"	NA	NA
"0"	3264	"M+H"	"154-02-9"	1	"HMDB:HMDB01855-1722 5-Hydroxytryptophol"	"Isolated"	"HMDB"	177.079	"InChI=1S/C10H11NO2/c12-4-3-7-6-11-10-2-1-8(13)5-9(7)10/h1-2,5-6,11-13H,3-4H2"	"N/A"	"Quattro_QQQ:40eV"	"Positive"	"Positive"	178.087	"lib-00002.mgf"	"Bronze"	3	0.943904	5531.01	0.985001	"HMDB"	"HMDB"	178.087	"N/A"	69.169	6	"OCCC1=CNC2=CC=C(O)C=C12"	0	177.102	"spectra/specs_ms.pklbin"	"CCMSLIB00000425766"	16181.9	"UPDATE-SINGLE-ANNOTATED-BRONZE"	NA	NA
"0"	3507	"[M-H]-"	"N/A"	1	"MoNA:2246260 3,4-Dihydroxy-beta-phenylpropionic acid"	"isolated"	"MoNA"	0	"InChI=1S/C9H10O4/c10-7-3-1-6(5-8(7)11)2-4-9(12)13/h1,3,5,10-11H,2,4H2,(H,12,13)"	"N/A"	"LC-ESI-QQ"	" "	"LC-ESI-QQ"	181	"lib-00016.mgf"	"Bronze"	3	0.73239	6027.64	1.091	"MONA"	"MoNA"	181	"N/A"	108.976	6	"N/A"	0	182.091	"spectra/specs_ms.pklbin"	"CCMSLIB00000565368"	6059.82	"UPDATE-SINGLE-ANNOTATED-BRONZE"	NA	NA
"0"	3559	"M+H"	"140-43-2"	1	"Tyrosine"	"Commercial standard"	"Prasad"	181.074	"InChI=1S/C9H11NO3/c10-8(9(12)13)5-6-1-3-7(11)4-2-6/h1-4,8,11H,5,10H2,(H,12,13)/t8-/m0/s1"	"OUYCCCASQSFEME-QMMMGPOBSA-N"	"Q-Exactive Plus"	"Positive"	"DI-ESI"	181.19	"lib-00010.mgf"	"Gold"	1	0.725332	4376.62	0.792999	"GNPS-EMBL-MCF"	"Alexandrov Theodore"	181.19	"6057"	775.836	6	"N/A"	0	180.397	"spectra/specs_ms.pklbin"	"CCMSLIB00000479747"	6494.65	"UPDATE-SINGLE-ANNOTATED-GOLD"	NA	NA
"0"	3581	"M-H"	"156-39-8"	1	"HMDB:HMDB00707-992 4-Hydroxyphenylpyruvic acid"	"Isolated"	"HMDB"	180.042	"InChI=1S/C9H8O4/c10-7-3-1-6(2-4-7)5-8(11)9(12)13/h1-4,10H,5H2,(H,12,13)"	"N/A"	"Quattro_QQQ:40eV"	"Negative"	"Negative"	179.034	"lib-00002.mgf"	"Bronze"	3	0.893772	5758.72	1.03101	"HMDB"	"HMDB"	179.034	"N/A"	174.111	6	"OC(=O)C(=O)CC1=CC=C(O)C=C1"	0	180.065	"spectra/specs_ms.pklbin"	"CCMSLIB00000426255"	1761.54	"UPDATE-SINGLE-ANNOTATED-BRONZE"	NA	NA
"0"	35863	"M-2H+3Na"	"820111"	1	"3-Phosphoglyceric acid"	"Isolated"	"NIST"	0	"N/A"	"N/A"	"IT-FT/ion trap with FTMS"	"Positive"	"ESI"	252.946	"lib-00020.mgf"	"Bronze"	3	0.778426	6748.48	1.707	"NIST14"	"NIST"	252.946	"N/A"	114.665	6	"N/A"	0	251.239	"spectra/specs_ms.pklbin"	"CCMSLIB00000265943"	17750.8	"UPDATE-SINGLE-ANNOTATED-BRONZE"	NA	NA
"0"	35864	"M+H"	"1383920419"	1	"Methyl 6,7-dihydroxycoumarin-4-acetate"	"Isolated"	"NIST"	0	"N/A"	"N/A"	"HCD"	"Positive"	"ESI"	251.055	"lib-00020.mgf"	"Bronze"	3	0.706025	342.609	0.0860138	"NIST14"	"NIST"	251.055	"N/A"	207.47	7	"N/A"	0	251.141	"spectra/specs_ms.pklbin"	"CCMSLIB00000261968"	254940	"UPDATE-SINGLE-ANNOTATED-BRONZE"	NA	NA
"0"	36115	"M+H"	"N/A"	1	"Phe-Ser"	"Isolated"	"NIST"	0	"N/A"	"N/A"	"Q-TOF"	"Positive"	"ESI"	253.118	"lib-00020.mgf"	"Bronze"	3	0.812652	4074.36	1.0313	"NIST14"	"NIST"	253.118	"N/A"	280.687	6	"N/A"	0	252.087	"spectra/specs_ms.pklbin"	"CCMSLIB00000385214"	1909.99	"UPDATE-SINGLE-ANNOTATED-BRONZE"	NA	NA
"0"	36119	"[M+H]+"	"958-09-8"	1	"Massbank:KO008947 2'-Deoxyadenosine|Deoxyadenosine"	"Isolated"	"Massbank"	0	"1S/C10H13N5O3/c11-9-8-10(13-3-12-9)15(4-14-8)7-1-5(17)6(2-16)18-7/h3-7,16-17H,1-2H2,(H2,11,12,13)/t5-,6+,7+/m0/s1"	"N/A"	"LC-ESI-IT"	"Positive"	"ESI"	252	"lib-00000.mgf"	"Bronze"	3	0.916831	452.375	0.113998	"MASSBANK"	"Putative Massbank Match"	252	"N/A"	63.773	6	"OC[C@@H](O1)[C@@H](O)C[C@@H]1n(c3)c(n2)c(n3)c(N)nc2"	0	252.114	"spectra/specs_ms.pklbin"	"CCMSLIB00000221186"	79125.1	"UPDATE-SINGLE-ANNOTATED-BRONZE"	NA	NA
"0"	36124	"M+H"	"730085"	1	"Tyr-Ala"	"Isolated"	"NIST"	0	"N/A"	"N/A"	"Q-TOF"	"Positive"	"ESI"	253.118	"lib-00020.mgf"	"Bronze"	3	0.75683	2498.08	0.632309	"NIST14"	"NIST"	253.118	"N/A"	76.664	6	"N/A"	0	252.486	"spectra/specs_ms.pklbin"	"CCMSLIB00000386383"	4676.16	"UPDATE-SINGLE-ANNOTATED-BRONZE"	NA	NA
"0"	36136	"[M+H]+"	"N/A"	1	"MoNA:2448782 2SA"	"isolated"	"MoNA"	0	"InChI=1S/C14H18N5O11P/c20-7(21)1-5(14(24)25)18-11-8-12(16-3-15-11)19(4-17-8)13-10(23)9(22)6(30-13)2-29-31(26,27)28/h3-6,9-10,13,22-23H,1-2H2,(H,20,21)(H,24,25)(H,15,16,18)(H2,26,27,28)/t5-,6+,9+,10+,13+/m0/s1"	"N/A"	"LC-ESI-IT"	" "	"LC-ESI-IT"	252	"lib-00016.mgf"	"Bronze"	3	0.744539	2742.04	0.690994	"MONA"	"MoNA"	252	"N/A"	125.317	6	"N/A"	0	252.691	"spectra/specs_ms.pklbin"	"CCMSLIB00000567252"	3584.84	"UPDATE-SINGLE-ANNOTATED-BRONZE"	NA	NA
"0"	36160	"M+H"	" "	1	"Palythazine"	"Crude"	"Fausto C Neto"	252.111	"FDOHUZKENKIHJT-YUMQZZPRSA-N"	" "	"qTof"	"Positive"	"LC-ESI"	253.118	"lib-00008.mgf"	"Bronze"	3	0.716124	7569.59	1.916	"GNPS-LIBRARY"	"Norberto Peporine Lopes"	253.118	"23425590"	135.398	6	"C1C(OCC2=C1N=C3COC(CC3=N2)CO)CO"	0	255.034	"spectra/specs_ms.pklbin"	"CCMSLIB00000574578"	67289.2	"UPDATE-SINGLE-ANNOTATED-BRONZE"	NA	NA
"0"	36741	"M+H"	"2009645"	1	"D-(+)-Neopterin"	"Isolated"	"NIST"	0	"N/A"	"N/A"	"Q-TOF"	"Positive"	"ESI"	254.088	"lib-00020.mgf"	"Bronze"	3	0.729829	5846.83	1.48561	"NIST14"	"NIST"	254.088	"N/A"	57.867	6	"N/A"	0	255.574	"spectra/specs_ms.pklbin"	"CCMSLIB00000368135"	35102.9	"UPDATE-SINGLE-ANNOTATED-BRONZE"	NA	NA
"0"	36772	"M+H"	"N/A"	1	"MLS001331725-01!(9-oxo-10(9H)-acridinyl)acetic acid"	"NIH Pharmacologically Active Library"	"VP/LMS"	253.074	"N/A"	"N/A"	"qTof"	"Positive"	"LC-ESI"	254.083	"lib-00012.mgf"	"Gold"	1	0.707961	306.998	0.0780029	"GNPS-NIH-SMALLMOLECULEPHARMACOLOGICALLYACTIVE"	"Dorrestein"	254.083	"N/A"	131.813	6	"OC(=O)Cn1c2ccccc2c(=O)c3ccccc13"	0	254.161	"spectra/specs_ms.pklbin"	"CCMSLIB00000085099"	42064.4	"UPDATE-SINGLE-ANNOTATED-GOLD"	NA	NA
"0"	36821	"M+H"	"1218980"	1	"7,8-Dihydroneopterin"	"Isolated"	"NIST"	0	"N/A"	"N/A"	"HCD"	"Positive"	"ESI"	256.104	"lib-00020.mgf"	"Bronze"	3	0.729124	3928.08	1.006	"NIST14"	"NIST"	256.104	"N/A"	20.144	6	"N/A"	0	255.098	"spectra/specs_ms.pklbin"	"CCMSLIB00000274177"	7948.96	"UPDATE-SINGLE-ANNOTATED-BRONZE"	NA	NA
"0"	37085	"M+H"	"N/A"	0	"Val His"	"Isolated"	"N/A"	0	"N/A"	"N/A"	"LC-ESI-QTOF"	"Positive-20eV"	"LC-ESI"	255.145	"lib-00017.mgf"	"Bronze"	3	0.791087	2170.66	0.553833	"METLIN"	"Metlin"	255.145	"N/A"	129.834	7	"N/A"	0	255.699	"spectra/specs_ms.pklbin"	"CCMSLIB00000489452"	111881	"UPDATE-SINGLE-ANNOTATED-BRONZE"	NA	NA
"0"	37625	"[M-H2O+H]+"	"57-91-0"	1	"Massbank:FFF00111 alpha-Estradiol"	"Isolated"	"Massbank"	0	"1S/C18H24O2/c1-18-9-8-14-13-5-3-12(19)10-11(13)2-4-15(14)16(18)6-7-17(18)20/h3,5,10,14-17,19-20H,2,4,6-9H2,1H3/t14?,15?,16?,17-,18?/m1/s1"	"N/A"	"LC-APPI-QQ"	"Positive"	"ESI"	255.2	"lib-00000.mgf"	"Bronze"	3	0.774374	7276.68	1.85701	"MASSBANK"	"Putative Massbank Match"	255.2	"N/A"	383.073	6	"Oc(c4)cc(C3)c(c4)C(C2)C(C3)C(C1)C(C)(C2)C(O)C1"	0	257.057	"spectra/specs_ms.pklbin"	"CCMSLIB00000213274"	21982.4	"UPDATE-SINGLE-ANNOTATED-BRONZE"	NA	NA
"0"	3818	"M+H"	"140-43-2"	1	"Tyrosine"	"Commercial standard"	"Prasad"	181.074	"InChI=1S/C9H11NO3/c10-8(9(12)13)5-6-1-3-7(11)4-2-6/h1-4,8,11H,5,10H2,(H,12,13)/t8-/m0/s1"	"OUYCCCASQSFEME-QMMMGPOBSA-N"	"Q-Exactive Plus"	"Positive"	"DI-ESI"	181.19	"lib-00010.mgf"	"Gold"	1	0.715206	3438.39	0.623001	"GNPS-EMBL-MCF"	"Alexandrov Theodore"	181.19	"6057"	825.216	6	"N/A"	0	180.567	"spectra/specs_ms.pklbin"	"CCMSLIB00000479747"	1819.41	"UPDATE-SINGLE-ANNOTATED-GOLD"	NA	NA
"0"	3852	"M+H"	"N/A"	1	"MLS000069661-01!1-(1-ADAMANTYL)ETHYLAMINE HYDROCHLORIDE"	"NIH Pharmacologically Active Library"	"VP/LMS"	179.167	"N/A"	"N/A"	"qTof"	"Positive"	"LC-ESI"	180.177	"lib-00012.mgf"	"Gold"	1	0.815023	3080.26	0.554993	"GNPS-NIH-SMALLMOLECULEPHARMACOLOGICALLYACTIVE"	"Dorrestein"	180.177	"N/A"	115.16	6	"CC(N)[C@]1(C[C@@H]2C[C@H]3C[C@@H](C2)C1)C3.Cl"	0	180.732	"spectra/specs_ms.pklbin"	"CCMSLIB00000085739"	4488	"UPDATE-SINGLE-ANNOTATED-GOLD"	NA	NA
"0"	3865	"M+H"	"305011"	1	"Esculetin"	"Isolated"	"NIST"	0	"N/A"	"N/A"	"QqQ"	"Positive"	"ESI"	179.034	"lib-00020.mgf"	"Bronze"	3	0.788706	9518.32	1.7041	"NIST14"	"NIST"	179.034	"N/A"	844.739	6	"N/A"	0	180.738	"spectra/specs_ms.pklbin"	"CCMSLIB00000228833"	2366.05	"UPDATE-SINGLE-ANNOTATED-BRONZE"	NA	NA
"182.0827_ 41.2286"	3903	"M+H"	"60184"	1	"L-Tyrosine"	"Isolated"	"NIST"	0	"N/A"	"N/A"	"HCD"	"Positive"	"ESI"	182.081	"lib-00020.mgf"	"Bronze"	3	0.973808	4.35771	0.000793457	"NIST14"	"NIST"	182.081	"N/A"	35.48	6	"N/A"	0	182.082	"spectra/specs_ms.pklbin"	"CCMSLIB00000291180"	175067	"UPDATE-SINGLE-ANNOTATED-BRONZE"	NA	NA
"259.1049_ 36.0808"	39563	"M+H"	"2627692"	1	"AICAR"	"Isolated"	"NIST"	0	"N/A"	"N/A"	"HCD"	"Positive"	"ESI"	259.104	"lib-00020.mgf"	"Bronze"	3	0.860596	2.70897	0.000701904	"NIST14"	"NIST"	259.104	"N/A"	35.841	8	"N/A"	0	259.103	"spectra/specs_ms.pklbin"	"CCMSLIB00000317334"	5481.14	"UPDATE-SINGLE-ANNOTATED-BRONZE"	NA	NA
"0"	3958	"M+H"	"331395"	1	"Caffeic acid"	"Isolated"	"NIST"	0	"N/A"	"N/A"	"Q-TOF"	"Positive"	"ESI"	181.049	"lib-00020.mgf"	"Bronze"	3	0.960068	52.5062	0.00950623	"NIST14"	"NIST"	181.049	"N/A"	260.961	7	"N/A"	0	181.059	"spectra/specs_ms.pklbin"	"CCMSLIB00000364227"	53791.8	"UPDATE-SINGLE-ANNOTATED-BRONZE"	NA	NA
"0"	3961	"M+H"	"331395"	1	"Caffeic acid"	"Isolated"	"NIST"	0	"N/A"	"N/A"	"Q-TOF"	"Positive"	"ESI"	181.049	"lib-00020.mgf"	"Bronze"	3	0.946543	2.78123	0.00050354	"NIST14"	"NIST"	181.049	"N/A"	259.112	6	"N/A"	0	181.049	"spectra/specs_ms.pklbin"	"CCMSLIB00000364227"	5908.75	"UPDATE-SINGLE-ANNOTATED-BRONZE"	NA	NA
"0"	39639	"[M+H]"	"2566-39-4"	1	"ReSpect:PM017301 gamma-L-Glutamyl-L-leucine"	"Isolated"	"ReSpect"	0	"N/A"	"N/A"	"QIT"	"Positive"	"ESI"	261.2	"lib-00019.mgf"	"Bronze"	3	0.793541	268.022	0.0700073	"RESPECT"	"Putative ReSpect Match"	261.2	"17616213"	205.413	6	"N/A"	0	261.13	"spectra/specs_ms.pklbin"	"CCMSLIB00000211717"	88012.9	"UPDATE-SINGLE-ANNOTATED-BRONZE"	NA	NA
"0"	39699	"M+H"	"N/A"	0	"Gln Leu"	"Isolated"	"N/A"	0	"N/A"	"N/A"	"LC-ESI-QTOF"	"Positive-20eV"	"LC-ESI"	260.16	"lib-00017.mgf"	"Bronze"	3	0.772021	1958.61	0.509552	"METLIN"	"Metlin"	260.16	"N/A"	76.068	7	"N/A"	0	260.67	"spectra/specs_ms.pklbin"	"CCMSLIB00000489544"	3432.1	"UPDATE-SINGLE-ANNOTATED-BRONZE"	NA	NA
"0"	39703	"M+H"	"N/A"	0	"Gln Ile"	"Isolated"	"N/A"	0	"N/A"	"N/A"	"LC-ESI-QTOF"	"Positive-20eV"	"LC-ESI"	260.16	"lib-00017.mgf"	"Bronze"	3	0.785001	1.75954	0.000457764	"METLIN"	"Metlin"	260.16	"N/A"	89.977	8	"N/A"	0	260.16	"spectra/specs_ms.pklbin"	"CCMSLIB00000489352"	4054.04	"UPDATE-SINGLE-ANNOTATED-BRONZE"	NA	NA
"0"	39705	"M+H"	"N/A"	0	"Gln Leu"	"Isolated"	"N/A"	0	"N/A"	"N/A"	"LC-ESI-QTOF"	"Positive-20eV"	"LC-ESI"	260.16	"lib-00017.mgf"	"Bronze"	3	0.858818	670.855	0.17453	"METLIN"	"Metlin"	260.16	"N/A"	126.037	8	"N/A"	0	260.335	"spectra/specs_ms.pklbin"	"CCMSLIB00000489544"	5076.91	"UPDATE-SINGLE-ANNOTATED-BRONZE"	NA	NA
"0"	39852	"M+H"	"N/A"	1	"Gly-Trp"	"Isolated"	"NIST"	0	"N/A"	"N/A"	"Q-TOF"	"Positive"	"ESI"	262.119	"lib-00020.mgf"	"Bronze"	3	0.713925	4191.24	1.0986	"NIST14"	"NIST"	262.119	"N/A"	154.345	6	"N/A"	0	261.02	"spectra/specs_ms.pklbin"	"CCMSLIB00000392483"	9773.19	"UPDATE-SINGLE-ANNOTATED-BRONZE"	NA	NA
"182.0827_ 41.2286"	4179	"M+H"	"60184"	1	"L-Tyrosine"	"Isolated"	"NIST"	0	"N/A"	"N/A"	"HCD"	"Positive"	"ESI"	182.081	"lib-00020.mgf"	"Bronze"	3	0.95626	1066.63	0.194214	"NIST14"	"NIST"	182.081	"N/A"	33.929	6	"N/A"	0	181.887	"spectra/specs_ms.pklbin"	"CCMSLIB00000291180"	72936	"UPDATE-SINGLE-ANNOTATED-BRONZE"	NA	NA
"0"	41912	"M+H"	"N/A"	0	"Gln Leu"	"Isolated"	"N/A"	0	"N/A"	"N/A"	"LC-ESI-QTOF"	"Positive-20eV"	"LC-ESI"	260.16	"lib-00017.mgf"	"Bronze"	3	0.842002	3780.56	0.983551	"METLIN"	"Metlin"	260.16	"N/A"	124.684	9	"N/A"	0	261.144	"spectra/specs_ms.pklbin"	"CCMSLIB00000489544"	11020.2	"UPDATE-SINGLE-ANNOTATED-BRONZE"	NA	NA
"0"	41989	"M+H"	"N/A"	1	"Lys-Ile"	"Isolated"	"NIST"	0	"N/A"	"N/A"	"Q-TOF"	"Positive"	"ESI"	260.197	"lib-00020.mgf"	"Bronze"	3	0.714736	3639.99	0.947113	"NIST14"	"NIST"	260.197	"N/A"	217.658	6	"N/A"	0	261.144	"spectra/specs_ms.pklbin"	"CCMSLIB00000392672"	3397.38	"UPDATE-SINGLE-ANNOTATED-BRONZE"	NA	NA
"182.0827_ 41.2286"	4250	"M+H"	"60184"	1	"L-Tyrosine"	"Isolated"	"NIST"	0	"N/A"	"N/A"	"HCD"	"Positive"	"ESI"	182.081	"lib-00020.mgf"	"Bronze"	3	0.960795	1.17323	0.000213623	"NIST14"	"NIST"	182.081	"N/A"	46.322	6	"N/A"	0	182.081	"spectra/specs_ms.pklbin"	"CCMSLIB00000291180"	10949.4	"UPDATE-SINGLE-ANNOTATED-BRONZE"	NA	NA
"182.0827_ 41.2286"	4297	"M+H"	"60184"	1	"L-Tyrosine"	"Isolated"	"NIST"	0	"N/A"	"N/A"	"HCD"	"Positive"	"ESI"	182.081	"lib-00020.mgf"	"Bronze"	3	0.954294	1.17323	0.000213623	"NIST14"	"NIST"	182.081	"N/A"	43.336	6	"N/A"	0	182.081	"spectra/specs_ms.pklbin"	"CCMSLIB00000291180"	2000	"UPDATE-SINGLE-ANNOTATED-BRONZE"	NA	NA
"0"	43698	"M+H"	"N/A"	1	"MLS001074702-01!"	"NIH Natural Product Library"	"VVP/LMS"	266.102	"N/A"	"N/A"	"qTof"	"Positive"	"LC-ESI"	267.109	"lib-00014.mgf"	"Gold"	1	0.812803	3732.48	0.996979	"GNPS-NIH-NATURALPRODUCTSLIBRARY"	"Dorrestein"	267.109	"N/A"	56.489	8	"Nc1ncnc2n(ccc12)[C@@H]3O[C@H](CO)[C@@H](O)[C@H]3O"	0	268.106	"spectra/specs_ms.pklbin"	"CCMSLIB00000080127"	149601	"UPDATE-SINGLE-ANNOTATED-GOLD"	NA	NA
"0"	43734	"M+H"	"N/A"	1	"MLS001074702-01!"	"NIH Natural Product Library"	"VVP/LMS"	266.102	"N/A"	"N/A"	"qTof"	"Positive"	"LC-ESI"	267.109	"lib-00014.mgf"	"Gold"	1	0.770309	3728.82	0.996002	"GNPS-NIH-NATURALPRODUCTSLIBRARY"	"Dorrestein"	267.109	"N/A"	51.406	6	"Nc1ncnc2n(ccc12)[C@@H]3O[C@H](CO)[C@@H](O)[C@H]3O"	0	268.105	"spectra/specs_ms.pklbin"	"CCMSLIB00000080127"	4924.15	"UPDATE-SINGLE-ANNOTATED-GOLD"	NA	NA
"0"	43737	"M+H"	"N/A"	1	"MLS001074702-01!"	"NIH Natural Product Library"	"VVP/LMS"	266.102	"N/A"	"N/A"	"qTof"	"Positive"	"LC-ESI"	267.109	"lib-00014.mgf"	"Gold"	1	0.786546	3728.82	0.996002	"GNPS-NIH-NATURALPRODUCTSLIBRARY"	"Dorrestein"	267.109	"N/A"	67.456	9	"Nc1ncnc2n(ccc12)[C@@H]3O[C@H](CO)[C@@H](O)[C@H]3O"	0	268.105	"spectra/specs_ms.pklbin"	"CCMSLIB00000080127"	5908.59	"UPDATE-SINGLE-ANNOTATED-GOLD"	NA	NA
"0"	43767	"M+H"	"N/A"	1	"MLS001074702-01!"	"NIH Natural Product Library"	"VVP/LMS"	266.102	"N/A"	"N/A"	"qTof"	"Positive"	"LC-ESI"	267.109	"lib-00014.mgf"	"Gold"	1	0.810832	3728.82	0.996002	"GNPS-NIH-NATURALPRODUCTSLIBRARY"	"Dorrestein"	267.109	"N/A"	59.343	7	"Nc1ncnc2n(ccc12)[C@@H]3O[C@H](CO)[C@@H](O)[C@H]3O"	0	268.105	"spectra/specs_ms.pklbin"	"CCMSLIB00000080127"	1989.8	"UPDATE-SINGLE-ANNOTATED-GOLD"	NA	NA
"0"	43946	"M+H"	"N/A"	0	"Asp His"	"Isolated"	"N/A"	0	"N/A"	"N/A"	"LC-ESI-QTOF"	"Positive-20eV"	"LC-ESI"	271.104	"lib-00017.mgf"	"Bronze"	3	0.851865	7062.51	1.91467	"METLIN"	"Metlin"	271.104	"N/A"	177.649	7	"N/A"	0	269.189	"spectra/specs_ms.pklbin"	"CCMSLIB00000489356"	15309.6	"UPDATE-SINGLE-ANNOTATED-BRONZE"	NA	NA
"0"	43985	"M+H"	"N/A"	0	"Asp His"	"Isolated"	"N/A"	0	"N/A"	"N/A"	"LC-ESI-QTOF"	"Positive-20eV"	"LC-ESI"	271.104	"lib-00017.mgf"	"Bronze"	3	0.804795	7165.74	1.94266	"METLIN"	"Metlin"	271.104	"N/A"	132.636	7	"N/A"	0	269.161	"spectra/specs_ms.pklbin"	"CCMSLIB00000489356"	4475.22	"UPDATE-SINGLE-ANNOTATED-BRONZE"	NA	NA
"0"	43992	"M+H"	"N/A"	0	"Asp His"	"Isolated"	"N/A"	0	"N/A"	"N/A"	"LC-ESI-QTOF"	"Positive-20eV"	"LC-ESI"	271.104	"lib-00017.mgf"	"Bronze"	3	0.861191	7165.74	1.94266	"METLIN"	"Metlin"	271.104	"N/A"	212.568	9	"N/A"	0	269.161	"spectra/specs_ms.pklbin"	"CCMSLIB00000489356"	4357.92	"UPDATE-SINGLE-ANNOTATED-BRONZE"	NA	NA
"0"	44491	"Cat"	"7690519"	1	"Pelargonidin cation"	"Isolated"	"NIST"	0	"N/A"	"N/A"	"IT/ion trap"	"Positive"	"ESI"	271.06	"lib-00020.mgf"	"Bronze"	3	0.743007	0.337758	9.15527e-05	"NIST14"	"NIST"	271.06	"N/A"	277.289	6	"N/A"	0	271.06	"spectra/specs_ms.pklbin"	"CCMSLIB00000410400"	20117.8	"UPDATE-SINGLE-ANNOTATED-BRONZE"	NA	NA
"0"	4603	"M+H"	"N/A"	1	"MLS002153346-01!Metrazoline"	"NIH Pharmacologically Active Library"	"VP/LMS"	186.116	"N/A"	"N/A"	"qTof"	"Positive"	"LC-ESI"	187.128	"lib-00012.mgf"	"Gold"	1	0.812616	5317.27	0.99501	"GNPS-NIH-SMALLMOLECULEPHARMACOLOGICALLYACTIVE"	"Dorrestein"	187.128	"N/A"	193.094	6	"Cc1ccccc1/C=C/C2=NCCN2.OC(=O)C(=O)O"	0	186.133	"spectra/specs_ms.pklbin"	"CCMSLIB00000085561"	13723.7	"UPDATE-SINGLE-ANNOTATED-GOLD"	NA	NA
"0"	46583	"[M+H]"	"7295-86-5"	1	"ReSpect:PM018186 p-Coumaroylagmatine"	"Isolated"	"ReSpect"	0	"N/A"	"N/A"	"Q-TOF"	"Positive"	"ESI"	278.169	"lib-00019.mgf"	"Bronze"	3	0.858429	3610.4	1.0043	"RESPECT"	"Putative ReSpect Match"	278.169	"20023150"	257.742	8	"N/A"	0	277.165	"spectra/specs_ms.pklbin"	"CCMSLIB00000211955"	5822.74	"UPDATE-SINGLE-ANNOTATED-BRONZE"	NA	NA
"0"	46869	"M+H"	"N/A"	1	"MLS000860033-01!erythro-9-(2-Hydroxy-3-nonyl)-adenine hydrochloride"	"NIH Pharmacologically Active Library"	"VP/LMS"	277.19	"N/A"	"N/A"	"qTof"	"Positive"	"LC-ESI"	278.202	"lib-00012.mgf"	"Gold"	1	0.7463	3350.11	0.932007	"GNPS-NIH-SMALLMOLECULEPHARMACOLOGICALLYACTIVE"	"Dorrestein"	278.202	"N/A"	199.995	7	"CCCCCC[C@@H]([C@@H](C)O)n1cnc2c(N)ncnc12.Cl"	0	279.134	"spectra/specs_ms.pklbin"	"CCMSLIB00000085771"	9129.72	"UPDATE-SINGLE-ANNOTATED-GOLD"	NA	NA
"0"	46915	"M+H"	"N/A"	1	"Asn-Phe"	"Isolated"	"NIST"	0	"N/A"	"N/A"	"Q-TOF"	"Positive"	"ESI"	280.129	"lib-00020.mgf"	"Bronze"	3	0.861795	1552.08	0.434784	"NIST14"	"NIST"	280.129	"N/A"	147.192	8	"N/A"	0	280.564	"spectra/specs_ms.pklbin"	"CCMSLIB00000392582"	82187.2	"UPDATE-SINGLE-ANNOTATED-BRONZE"	NA	NA
"0"	47146	"M+H"	"N/A"	1	"Asn-Phe"	"Isolated"	"NIST"	0	"N/A"	"N/A"	"Q-TOF"	"Positive"	"ESI"	280.129	"lib-00020.mgf"	"Bronze"	3	0.787138	841.679	0.235779	"NIST14"	"NIST"	280.129	"N/A"	193.527	7	"N/A"	0	280.365	"spectra/specs_ms.pklbin"	"CCMSLIB00000392582"	13045.2	"UPDATE-SINGLE-ANNOTATED-BRONZE"	NA	NA
"0"	47151	"M+H"	"N/A"	1	"Phe-Leu"	"Isolated"	"NIST"	0	"N/A"	"N/A"	"Q-TOF"	"Positive"	"ESI"	279.17	"lib-00020.mgf"	"Bronze"	3	0.930868	3434.14	0.95871	"NIST14"	"NIST"	279.17	"N/A"	60.734	6	"N/A"	0	280.129	"spectra/specs_ms.pklbin"	"CCMSLIB00000385171"	4852.08	"UPDATE-SINGLE-ANNOTATED-BRONZE"	NA	NA
"0"	48440	"M+H"	"N/A"	1	"MLS000069761-01!ALPHA-METHYL-P-[1-OXO-2-ISOINDOLINYL]-BENZENEACETIC ACID"	"NIH Pharmacologically Active Library"	"VP/LMS"	281.105	"N/A"	"N/A"	"qTof"	"Positive"	"LC-ESI"	282.115	"lib-00012.mgf"	"Gold"	1	0.735001	7007.85	1.97702	"GNPS-NIH-SMALLMOLECULEPHARMACOLOGICALLYACTIVE"	"Dorrestein"	282.115	"N/A"	256.391	8	"CC(C(=O)O)c1ccc(cc1)N2Cc3ccccc3C2=O"	0	284.092	"spectra/specs_ms.pklbin"	"CCMSLIB00000084881"	2898.05	"UPDATE-SINGLE-ANNOTATED-GOLD"	NA	NA
"0"	48453	"M+H"	"6344214"	1	"3',4'-Dimethoxyflavanone"	"Isolated"	"NIST"	0	"N/A"	"N/A"	"HCD"	"Positive"	"ESI"	285.112	"lib-00020.mgf"	"Bronze"	3	0.719469	3451.63	0.9841	"NIST14"	"NIST"	285.112	"N/A"	341.665	6	"N/A"	0	284.128	"spectra/specs_ms.pklbin"	"CCMSLIB00000328145"	1907.69	"UPDATE-SINGLE-ANNOTATED-BRONZE"	NA	NA
"283.1533_153.6988"	48458	"M+H"	"63968-64-9"	0	"Artemisinin"	"Isolated"	"N/A"	0	"InChI=1S/C15H22O5/c1-8-4-5-11-9(2)12(16)17-13-15(11)10(8)6-7-14(3,18-13)19-20-15/h8-11,13H,4-7H2,1-3H3/t8-,9-,10+,11+,13-,14-,15-/m1/s1"	"N/A"	"LC-ESI-QTOF"	"Positive-10eV"	"LC-ESI"	283.154	"lib-00017.mgf"	"Bronze"	3	0.722038	5954.48	1.68604	"METLIN"	"Metlin"	283.154	"N/A"	171.474	7	"N/A"	0	284.84	"spectra/specs_ms.pklbin"	"CCMSLIB00000529421"	95976.1	"UPDATE-SINGLE-ANNOTATED-BRONZE"	NA	NA
"0"	48460	"283.1"	"13962055"	1	"Oleoyl L-carnitine"	"Isolated"	"NIST"	0	"N/A"	"N/A"	"IT/ion trap"	"Positive"	"ESI"	283.1	"lib-00020.mgf"	"Bronze"	3	0.753531	6704.27	1.89798	"NIST14"	"NIST"	283.1	"N/A"	203.454	8	"N/A"	0	284.998	"spectra/specs_ms.pklbin"	"CCMSLIB00000255796"	33745.6	"UPDATE-SINGLE-ANNOTATED-BRONZE"	NA	NA
"0"	48896	"M+2H]"	"2382663"	1	"Adenylyl(3'-5')cytidine"	"Isolated"	"NIST"	0	"N/A"	"N/A"	"Q-TOF"	"Positive"	"ESI"	287.076	"lib-00020.mgf"	"Bronze"	3	0.967345	370.259	0.106293	"NIST14"	"NIST"	287.076	"N/A"	156.568	6	"N/A"	0	286.97	"spectra/specs_ms.pklbin"	"CCMSLIB00000363541"	34214.3	"UPDATE-SINGLE-ANNOTATED-BRONZE"	NA	NA
"289.0735_274.1002"	50352	"M+H"	"480206"	1	"Dihydrokaempferol"	"Isolated"	"NIST"	0	"N/A"	"N/A"	"HCD"	"Positive"	"ESI"	289.071	"lib-00020.mgf"	"Bronze"	3	0.803056	1.05571	0.000305176	"NIST14"	"NIST"	289.071	"N/A"	276.567	7	"N/A"	0	289.071	"spectra/specs_ms.pklbin"	"CCMSLIB00000270871"	94281.8	"UPDATE-SINGLE-ANNOTATED-BRONZE"	NA	NA
"0"	50698	"[M+H]+"	"101-31-5"	1	"Massbank:KO003110 Hyoscyamine|Daturine|L-Hyoscyamine|L-Tropine tropate|Duboisine"	"Isolated"	"Massbank"	0	"1S/C17H23NO3/c1-18-13-7-8-14(18)10-15(9-13)21-17(20)16(11-19)12-5-3-2-4-6-12/h2-6,13-16,19H,7-11H2,1H3/t13-,14+,15-,16-/m1/s1"	"N/A"	"LC-ESI-QQ"	"Positive"	"ESI"	290	"lib-00000.mgf"	"Bronze"	3	0.857089	603.406	0.174988	"MASSBANK"	"Putative Massbank Match"	290	"N/A"	264.5	8	"OC[C@@H](C(=O)O[C@@H](C2)C[C@@H](C3)N(C)[C@@H](C3)2)c(c1)cccc1"	0	290.175	"spectra/specs_ms.pklbin"	"CCMSLIB00000218735"	2644.24	"UPDATE-SINGLE-ANNOTATED-BRONZE"	NA	NA
"0"	51131	"M+H"	"N/A"	1	"Phe-Gln"	"Isolated"	"NIST"	0	"N/A"	"N/A"	"qTof"	"Positive"	"LC-ESI"	294.145	"lib-00020.mgf"	"Bronze"	3	0.801052	3501.05	1.02982	"NIST14"	"NIST"	294.145	"N/A"	277.927	6	"N/A"	0	293.115	"spectra/specs_ms.pklbin"	"CCMSLIB00000385204"	59022.1	"UPDATE-SINGLE-ANNOTATED-BRONZE"	NA	NA
"0"	51132	"M+H"	"N/A"	1	"Phe-Gln"	"Isolated"	"NIST"	0	"N/A"	"N/A"	"qTof"	"Positive"	"LC-ESI"	294.145	"lib-00020.mgf"	"Bronze"	3	0.850426	3497.63	1.02881	"NIST14"	"NIST"	294.145	"N/A"	322.104	8	"N/A"	0	293.116	"spectra/specs_ms.pklbin"	"CCMSLIB00000385204"	23262.1	"UPDATE-SINGLE-ANNOTATED-BRONZE"	NA	NA
"0"	51133	"M+H"	"N/A"	1	"Phe-Gln"	"Isolated"	"NIST"	0	"N/A"	"N/A"	"qTof"	"Positive"	"LC-ESI"	294.145	"lib-00020.mgf"	"Bronze"	3	0.80961	3524.81	1.0368	"NIST14"	"NIST"	294.145	"N/A"	281.053	6	"N/A"	0	293.108	"spectra/specs_ms.pklbin"	"CCMSLIB00000385204"	126963	"UPDATE-SINGLE-ANNOTATED-BRONZE"	NA	NA
"0"	51151	"M+H"	"N/A"	1	"Phe-Gln"	"Isolated"	"NIST"	0	"N/A"	"N/A"	"qTof"	"Positive"	"LC-ESI"	294.145	"lib-00020.mgf"	"Bronze"	3	0.780488	3531.66	1.03882	"NIST14"	"NIST"	294.145	"N/A"	281.489	6	"N/A"	0	293.106	"spectra/specs_ms.pklbin"	"CCMSLIB00000385204"	21235	"UPDATE-SINGLE-ANNOTATED-BRONZE"	NA	NA
"188.0715_174.6317"	5130	"M+H-H2O"	"832973"	1	"DL-Indole-3-lactic acid"	"Isolated"	"NIST"	0	"N/A"	"N/A"	"Q-TOF"	"Positive"	"ESI"	188.071	"lib-00020.mgf"	"Bronze"	3	0.929002	7.46426	0.00140381	"NIST14"	"NIST"	188.071	"N/A"	176.052	6	"N/A"	0	188.072	"spectra/specs_ms.pklbin"	"CCMSLIB00000367177"	231279	"UPDATE-SINGLE-ANNOTATED-BRONZE"	NA	NA
"0"	5144	"M+H"	"N/A"	1	"MLS002172436-01!4-oxo-1H-quinoline-2-carboxylic acid"	"NIH Natural Product Library"	"VVP/LMS"	189.043	"N/A"	"N/A"	"qTof"	"Positive"	"LC-ESI"	190.05	"lib-00014.mgf"	"Gold"	1	0.77652	1320.74	0.251007	"GNPS-NIH-NATURALPRODUCTSLIBRARY"	"Dorrestein"	190.05	"N/A"	234.859	10	"OC(=O)c1cc(O)c2ccccc2n1"	0	189.799	"spectra/specs_ms.pklbin"	"CCMSLIB00000080012"	72055.3	"UPDATE-SINGLE-ANNOTATED-GOLD"	NA	NA
"0"	51671	"M+H"	"N/A"	0	"Phe Glu"	"Isolated"	"N/A"	0	"N/A"	"N/A"	"LC-ESI-QTOF"	"Positive-20eV"	"LC-ESI"	295.129	"lib-00017.mgf"	"Bronze"	3	0.836665	3286.29	0.969879	"METLIN"	"Metlin"	295.129	"N/A"	72.439	6	"N/A"	0	294.159	"spectra/specs_ms.pklbin"	"CCMSLIB00000489268"	37142.4	"UPDATE-SINGLE-ANNOTATED-BRONZE"	NA	NA
"0"	51802	"M+H"	"N/A"	0	"Tyr Leu"	"Isolated"	"N/A"	0	"N/A"	"N/A"	"LC-ESI-QTOF"	"Positive-20eV"	"LC-ESI"	295.165	"lib-00017.mgf"	"Bronze"	3	0.894356	44.9753	0.0132751	"METLIN"	"Metlin"	295.165	"N/A"	235.243	6	"N/A"	0	295.152	"spectra/specs_ms.pklbin"	"CCMSLIB00000489863"	2897.77	"UPDATE-SINGLE-ANNOTATED-BRONZE"	NA	NA
"0"	51956	"M+H"	"N/A"	0	"Tyr Asp"	"Isolated"	"N/A"	0	"N/A"	"N/A"	"LC-ESI-QTOF"	"Positive-20eV"	"LC-ESI"	297.108	"lib-00017.mgf"	"Bronze"	3	0.868351	6539.89	1.94305	"METLIN"	"Metlin"	297.108	"N/A"	247.976	6	"N/A"	0	295.165	"spectra/specs_ms.pklbin"	"CCMSLIB00000489855"	15160.2	"UPDATE-SINGLE-ANNOTATED-BRONZE"	NA	NA
"0"	51966	"M+H"	"N/A"	1	"Asp-Tyr"	"Isolated"	"NIST"	0	"N/A"	"N/A"	"Q-TOF"	"Positive"	"ESI"	297.108	"lib-00020.mgf"	"Bronze"	3	0.748899	6539.99	1.94308	"NIST14"	"NIST"	297.108	"N/A"	233.149	6	"N/A"	0	295.165	"spectra/specs_ms.pklbin"	"CCMSLIB00000385037"	4238.96	"UPDATE-SINGLE-ANNOTATED-BRONZE"	NA	NA
"0"	52432	"[M+H]"	"121032-29-9"	1	"Nelarabine (Arranon)"	"Commercial"	"Garg_Neha"	297.107	"N/A"	"N/A"	"qTof"	"Positive"	"LC-ESI"	298.115	"lib-00013.mgf"	"Gold"	1	0.849246	13.4103	0.0039978	"GNPS-SELLECKCHEM-FDA-PART2"	"Dorrestein"	298.115	"N/A"	46.549	6	"N1C(=NC2=C(C=1OC)N=CN2[C@H]3[C@H]([C@@H]([C@H](O3)CO)O)O)N"	0	298.119	"spectra/specs_ms.pklbin"	"CCMSLIB00000078051"	135132	"UPDATE-SINGLE-ANNOTATED-GOLD"	NA	NA
"0"	5320	"191.1"	"2724574"	1	"Isomyristic acid"	"Isolated"	"NIST"	0	"N/A"	"N/A"	"IT/ion trap"	"Positive"	"ESI"	191.1	"lib-00020.mgf"	"Bronze"	3	0.707633	10403	1.98801	"NIST14"	"NIST"	191.1	"N/A"	857.364	6	"N/A"	0	189.112	"spectra/specs_ms.pklbin"	"CCMSLIB00000272711"	4258.79	"UPDATE-SINGLE-ANNOTATED-BRONZE"	NA	NA
"0"	53521	"M+H"	"N/A"	1	"His-Phe"	"Isolated"	"NIST"	0	"N/A"	"N/A"	"Q-TOF"	"Positive"	"ESI"	303.145	"lib-00020.mgf"	"Bronze"	3	0.776963	0.704689	0.000213623	"NIST14"	"NIST"	303.145	"N/A"	56.751	6	"N/A"	0	303.145	"spectra/specs_ms.pklbin"	"CCMSLIB00000385335"	1808.4	"UPDATE-SINGLE-ANNOTATED-BRONZE"	NA	NA
"0"	53794	"M+H"	"480182"	1	"3,5,7,3',4'-Pentahydroxyflavanone"	"Isolated"	"NIST"	0	"N/A"	"N/A"	"Q-TOF"	"Positive"	"ESI"	305.066	"lib-00020.mgf"	"Bronze"	3	0.834401	2.00072	0.000610352	"NIST14"	"NIST"	305.066	"N/A"	261.994	10	"N/A"	0	305.065	"spectra/specs_ms.pklbin"	"CCMSLIB00000408759"	1834.43	"UPDATE-SINGLE-ANNOTATED-BRONZE"	NA	NA
"0"	53806	"M+2H]"	"27025418"	1	"Glutathione, oxidized"	"Isolated"	"NIST"	0	"N/A"	"N/A"	"Q-TOF"	"Positive"	"ESI"	307.083	"lib-00020.mgf"	"Bronze"	3	0.7573	90.1366	0.0276794	"NIST14"	"NIST"	307.083	"N/A"	26.101	11	"N/A"	0	307.111	"spectra/specs_ms.pklbin"	"CCMSLIB00000358817"	216742	"UPDATE-SINGLE-ANNOTATED-BRONZE"	NA	NA
"0"	54050	"M+H"	"N/A"	0	"Trp Thr"	"Isolated"	"N/A"	0	"N/A"	"N/A"	"LC-ESI-QTOF"	"Positive-20eV"	"LC-ESI"	306.145	"lib-00017.mgf"	"Bronze"	3	0.902671	0.398734	0.00012207	"METLIN"	"Metlin"	306.145	"N/A"	153.863	7	"N/A"	0	306.145	"spectra/specs_ms.pklbin"	"CCMSLIB00000488952"	18558.6	"UPDATE-SINGLE-ANNOTATED-BRONZE"	NA	NA
"308.0914_ 30.2590"	54167	"[M+H]"	"70-18-8"	1	"ReSpect:PM018197 Glucosidetathione(reduced form)|GSH"	"Isolated"	"ReSpect"	0	"N/A"	"N/A"	"Q-TOF"	"Positive"	"ESI"	308.094	"lib-00019.mgf"	"Bronze"	3	0.737637	24.367	0.00750732	"RESPECT"	"Putative ReSpect Match"	308.094	"20023150"	23.587	11	"N/A"	0	308.086	"spectra/specs_ms.pklbin"	"CCMSLIB00000211978"	50878.4	"UPDATE-SINGLE-ANNOTATED-BRONZE"	NA	NA
"0"	56742	"M+H"	"3422397"	1	".alpha.-L-Glu-L-Tyr"	"Isolated"	"NIST"	0	"N/A"	"N/A"	"Q-TOF"	"Positive"	"ESI"	311.124	"lib-00020.mgf"	"Bronze"	3	0.819842	1291.53	0.401825	"NIST14"	"NIST"	311.124	"N/A"	36.221	9	"N/A"	0	310.722	"spectra/specs_ms.pklbin"	"CCMSLIB00000358040"	172246	"UPDATE-SINGLE-ANNOTATED-BRONZE"	NA	NA
"0"	56846	"M+H"	"3422397"	1	".alpha.-L-Glu-L-Tyr"	"Isolated"	"NIST"	0	"N/A"	"N/A"	"Q-TOF"	"Positive"	"ESI"	311.124	"lib-00020.mgf"	"Bronze"	3	0.755994	2.64838	0.000823975	"NIST14"	"NIST"	311.124	"N/A"	137.974	7	"N/A"	0	311.123	"spectra/specs_ms.pklbin"	"CCMSLIB00000358040"	1915.14	"UPDATE-SINGLE-ANNOTATED-BRONZE"	NA	NA
"0"	57745	"M+H"	"N/A"	1	"Tyr-Met"	"Isolated"	"NIST"	0	"N/A"	"N/A"	"Q-TOF"	"Positive"	"ESI"	313.122	"lib-00020.mgf"	"Bronze"	3	0.78902	3252.42	1.0184	"NIST14"	"NIST"	313.122	"N/A"	58.29	7	"N/A"	0	314.14	"spectra/specs_ms.pklbin"	"CCMSLIB00000386428"	36843.7	"UPDATE-SINGLE-ANNOTATED-BRONZE"	NA	NA
"0"	57987	"2M+H"	"5988192"	1	"L-Dihydroorotic acid"	"Isolated"	"NIST"	0	"N/A"	"N/A"	"IT/ion trap"	"Positive"	"ESI"	317.073	"lib-00020.mgf"	"Bronze"	3	0.74638	2519.38	0.798828	"NIST14"	"NIST"	317.073	"N/A"	238.821	6	"N/A"	0	316.274	"spectra/specs_ms.pklbin"	"CCMSLIB00000349127"	16493.2	"UPDATE-SINGLE-ANNOTATED-BRONZE"	NA	NA
"318.1805_283.6496"	58480	"M+H"	"5156229"	1	"Leu-Trp"	"Isolated"	"NIST"	0	"N/A"	"N/A"	"Q-TOF"	"Positive"	"ESI"	318.181	"lib-00020.mgf"	"Bronze"	3	0.817873	181.658	0.0578003	"NIST14"	"NIST"	318.181	"N/A"	282.727	6	"N/A"	0	318.239	"spectra/specs_ms.pklbin"	"CCMSLIB00000367148"	13098.4	"UPDATE-SINGLE-ANNOTATED-BRONZE"	NA	NA
"0"	59336	"M+H"	"N/A"	1	"Phe-Arg"	"Isolated"	"NIST"	0	"N/A"	"N/A"	"Q-TOF"	"Positive"	"ESI"	322.187	"lib-00020.mgf"	"Bronze"	3	0.792321	1.23136	0.000396729	"NIST14"	"NIST"	322.187	"N/A"	58.349	9	"N/A"	0	322.187	"spectra/specs_ms.pklbin"	"CCMSLIB00000385209"	3638.69	"UPDATE-SINGLE-ANNOTATED-BRONZE"	NA	NA
"0"	59353	"M+H"	"N/A"	1	"Challenge46"	"Commercial"	"CASMI2016"	0	" "	" "	"qTof"	"Positive"	"LC-ESI"	323.16	"lib-00015.mgf"	"Gold"	1	0.863301	105.2	0.0339966	"CASMI"	"CASMI"	323.16	" "	256.896	6	"N/A"	0	323.126	"spectra/specs_ms.pklbin"	"CCMSLIB00000579831"	82505	"UPDATE-SINGLE-ANNOTATED-GOLD"	NA	NA
"0"	59763	"M+H"	"17834025"	1	"6-Hydroxywarfarin"	"Isolated"	"NIST"	0	"N/A"	"N/A"	"IT/ion trap"	"Positive"	"ESI"	325.107	"lib-00020.mgf"	"Bronze"	3	0.734161	2891.64	0.940094	"NIST14"	"NIST"	325.107	"N/A"	236.22	6	"N/A"	0	324.167	"spectra/specs_ms.pklbin"	"CCMSLIB00000273370"	2942.56	"UPDATE-SINGLE-ANNOTATED-BRONZE"	NA	NA
"0"	60216	"M+H"	"108605-69-2"	1	"_130140"	"Isolated"	"Luzzatto"	329.09	"N/A"	"N/A"	"qToF"	"Positive"	"LC-ESI"	330.097	"lib-00008.mgf"	"Silver"	2	0.971898	6043.66	1.995	"GNPS-LIBRARY"	"Cichewicz"	330.097	" "	309.13	8	"OC1=C(OC)C=C(/C=C/C(NC2=CC=C(O)C=C2C(O)=O)=O)C=C1"	0	328.102	"spectra/specs_ms.pklbin"	"CCMSLIB00000478546"	16821.9	"UPDATE-SINGLE-ANNOTATED-SILVER"	NA	NA
"0"	60286	"M+H"	"108605-69-2"	1	"_130140"	"Isolated"	"Luzzatto"	329.09	"N/A"	"N/A"	"qToF"	"Positive"	"LC-ESI"	330.097	"lib-00008.mgf"	"Silver"	2	0.967239	81.8186	0.0270081	"GNPS-LIBRARY"	"Cichewicz"	330.097	" "	306.174	8	"OC1=C(OC)C=C(/C=C/C(NC2=CC=C(O)C=C2C(O)=O)=O)C=C1"	0	330.124	"spectra/specs_ms.pklbin"	"CCMSLIB00000478546"	64741.2	"UPDATE-SINGLE-ANNOTATED-SILVER"	NA	NA
"0"	61171	"M+H"	"N/A"	1	"Ile-Ala-Lys"	"Isolated"	"NIST"	0	"N/A"	"N/A"	"Q-TOF"	"Positive"	"ESI"	331.234	"lib-00020.mgf"	"Bronze"	3	0.777186	0	0	"NIST14"	"NIST"	331.234	"N/A"	58.43	7	"N/A"	0	331.234	"spectra/specs_ms.pklbin"	"CCMSLIB00000388470"	85816.5	"UPDATE-SINGLE-ANNOTATED-BRONZE"	NA	NA
"0"	61471	"M+H"	"N/A"	0	"Leu Ser Ile"	"Isolated"	"N/A"	0	"N/A"	"N/A"	"LC-ESI-QTOF"	"Positive-20eV"	"LC-ESI"	332.218	"lib-00017.mgf"	"Bronze"	3	0.83178	3.03138	0.00100708	"METLIN"	"Metlin"	332.218	"N/A"	285.643	6	"N/A"	0	332.219	"spectra/specs_ms.pklbin"	"CCMSLIB00000515844"	19076.7	"UPDATE-SINGLE-ANNOTATED-BRONZE"	NA	NA
"0"	61581	"M+H"	"N/A"	0	"Glu Trp"	"Isolated"	"N/A"	0	"N/A"	"N/A"	"LC-ESI-QTOF"	"Positive-40eV"	"LC-ESI"	334.14	"lib-00017.mgf"	"Bronze"	3	0.717865	62.1969	0.0207825	"METLIN"	"Metlin"	334.14	"N/A"	263.908	7	"N/A"	0	334.119	"spectra/specs_ms.pklbin"	"CCMSLIB00000489681"	23896.8	"UPDATE-SINGLE-ANNOTATED-BRONZE"	NA	NA
"0"	61709	"M+NH4"	"25597335"	1	"Decynediol, tetramethyl, di(2-hydroxyethyl) ether"	"Isolated"	"NIST"	0	"N/A"	"N/A"	"QqQ"	"Positive"	"ESI"	332.28	"lib-00020.mgf"	"Bronze"	3	0.747847	5517.93	1.8335	"NIST14"	"NIST"	332.28	"N/A"	123.607	6	"N/A"	0	334.113	"spectra/specs_ms.pklbin"	"CCMSLIB00000338256"	25493.4	"UPDATE-SINGLE-ANNOTATED-BRONZE"	NA	NA
"0"	61791	"M+H"	"N/A"	0	"Thr Thr Asn"	"Isolated"	"N/A"	0	"N/A"	"N/A"	"LC-ESI-QTOF"	"Positive-20eV"	"LC-ESI"	335.156	"lib-00017.mgf"	"Bronze"	3	0.711732	2864.86	0.960175	"METLIN"	"Metlin"	335.156	"N/A"	131.526	7	"N/A"	0	334.196	"spectra/specs_ms.pklbin"	"CCMSLIB00000484495"	1774.01	"UPDATE-SINGLE-ANNOTATED-BRONZE"	NA	NA
"0"	62172	"M+H"	"N/A"	0	"Phe Leu Gly"	"Isolated"	"N/A"	0	"N/A"	"N/A"	"LC-ESI-QTOF"	"Positive-20eV"	"LC-ESI"	336.192	"lib-00017.mgf"	"Bronze"	3	0.856933	2.26936	0.000762939	"METLIN"	"Metlin"	336.192	"N/A"	263.032	6	"N/A"	0	336.191	"spectra/specs_ms.pklbin"	"CCMSLIB00000523218"	12311.1	"UPDATE-SINGLE-ANNOTATED-BRONZE"	NA	NA
"0"	63534	"M+H"	"N/A"	1	"MLS001240193-01!1-(2,3-Dihydro-benzo[1,4]dioxin-6-yl)-3-(3-phenyl-pyrrolidin-1-yl)-propan-1-one"	"NIH Pharmacologically Active Library"	"VP/LMS"	337.168	"N/A"	"N/A"	"qTof"	"Positive"	"LC-ESI"	338.179	"lib-00012.mgf"	"Gold"	1	0.798121	2886.08	0.976013	"GNPS-NIH-SMALLMOLECULEPHARMACOLOGICALLYACTIVE"	"Dorrestein"	338.179	"N/A"	52.912	15	"O=C(CCN1CCC(C1)c2ccccc2)c3ccc4OCCOc4c3.Cl"	0	339.155	"spectra/specs_ms.pklbin"	"CCMSLIB00000084855"	55686.8	"UPDATE-SINGLE-ANNOTATED-GOLD"	NA	NA
"0"	63548	"338.4"	"951209679"	1	"N-(1,3-Dihydroxypropan-2-yl)-9-oxo-11R,15S-dihydroxy-5Z,13E-prostadienoyl amine"	"Isolated"	"NIST"	0	"N/A"	"N/A"	"IT/ion trap"	"Positive"	"ESI"	338.4	"lib-00020.mgf"	"Bronze"	3	0.758418	2231.1	0.755005	"NIST14"	"NIST"	338.4	"N/A"	127.841	7	"N/A"	0	339.155	"spectra/specs_ms.pklbin"	"CCMSLIB00000321288"	2709.05	"UPDATE-SINGLE-ANNOTATED-BRONZE"	NA	NA
"0"	64169	"M+H"	"N/A"	1	"CocamidopropylBetaine"	"Cosmetic _raw meterial"	"Amina"	342.288	"N/A"	"N/A"	"Q-TOF"	"Positive"	"ESI"	343.296	"lib-00008.mgf"	"Silver"	2	0.81114	2.84467	0.000976562	"GNPS-LIBRARY"	"Dorrestein"	343.296	"N/A"	435.276	6	"CCCCCCCCCCCC(=O)NCCC[N+](C)(C)CC(=O)[O-]"	0	343.295	"spectra/specs_ms.pklbin"	"CCMSLIB00000077206"	3436.05	"UPDATE-SINGLE-ANNOTATED-SILVER"	NA	NA
"346.2332_275.9826"	64231	"M+H"	"N/A"	0	"Thr Ile Leu"	"Isolated"	"N/A"	0	"N/A"	"N/A"	"LC-ESI-QTOF"	"Positive-20eV"	"LC-ESI"	346.234	"lib-00017.mgf"	"Bronze"	3	0.859351	183.863	0.0636597	"METLIN"	"Metlin"	346.234	"N/A"	257.494	10	"N/A"	0	346.17	"spectra/specs_ms.pklbin"	"CCMSLIB00000515184"	51931.8	"UPDATE-SINGLE-ANNOTATED-BRONZE"	NA	NA
"0"	64238	"M+H"	"N/A"	0	"Ile Val Asn"	"Isolated"	"N/A"	0	"N/A"	"N/A"	"LC-ESI-QTOF"	"Positive-20eV"	"LC-ESI"	345.213	"lib-00017.mgf"	"Bronze"	3	0.78384	2787.49	0.96228	"METLIN"	"Metlin"	345.213	"N/A"	296.321	6	"N/A"	0	344.251	"spectra/specs_ms.pklbin"	"CCMSLIB00000522511"	51970	"UPDATE-SINGLE-ANNOTATED-BRONZE"	NA	NA
"0"	64344	"M+H"	"N/A"	0	"Ile Val Asn"	"Isolated"	"N/A"	0	"N/A"	"N/A"	"LC-ESI-QTOF"	"Positive-20eV"	"LC-ESI"	345.213	"lib-00017.mgf"	"Bronze"	3	0.827991	0.795619	0.000274658	"METLIN"	"Metlin"	345.213	"N/A"	137.224	7	"N/A"	0	345.213	"spectra/specs_ms.pklbin"	"CCMSLIB00000522511"	27639.6	"UPDATE-SINGLE-ANNOTATED-BRONZE"	NA	NA
"0"	65111	"M+H"	"24587415"	1	"Phe-Trp"	"Isolated"	"NIST"	0	"N/A"	"N/A"	"Q-TOF"	"Positive"	"ESI"	352.166	"lib-00020.mgf"	"Bronze"	3	0.801813	4.50616	0.00158691	"NIST14"	"NIST"	352.166	"N/A"	303.514	6	"N/A"	0	352.164	"spectra/specs_ms.pklbin"	"CCMSLIB00000385232"	1913.58	"UPDATE-SINGLE-ANNOTATED-BRONZE"	NA	NA
"355.1023_206.0475"	67483	"[M+H]+"	"N/A"	1	"Massbank:PB006182 Chlorogenic Acid|(1S,3R,4R,5R)-3-[(E)-3-(3,4-dihydroxyphenyl)prop-2-enoyl]oxy-1,4,5-trihydroxycyclohexane-1-carboxylic acid"	"Isolated"	"Massbank"	0	"1S/C16H18O9/c17-9-3-1-8(5-10(9)18)2-4-13(20)25-12-7-16(24,15(22)23)6-11(19)14(12)21/h1-5,11-12,14,17-19,21,24H,6-7H2,(H,22,23)/b4-2+/t11-,12-,14-,16+/m1/s1"	"N/A"	"LC-ESI-QTOF"	"Positive"	"ESI"	355.103	"lib-00000.mgf"	"Bronze"	3	0.974323	0	0	"MASSBANK"	"Putative Massbank Match"	355.103	"N/A"	216.07	7	"C1C(C(C(CC1(C(=O)O)O)OC(=O)C=CC2=CC(=C(C=C2)O)O)O)O"	0	355.103	"spectra/specs_ms.pklbin"	"CCMSLIB00000222497"	253835	"UPDATE-SINGLE-ANNOTATED-BRONZE"	NA	NA
"0"	67611	"M+H"	"N/A"	1	"MLS002153805-01!Chlorogenic acid hemihydrate6001-76-9"	"NIH Pharmacologically Active Library"	"VP/LMS"	354.095	"N/A"	"N/A"	"qTof"	"Positive"	"LC-ESI"	355.103	"lib-00012.mgf"	"Gold"	1	0.783504	2.83602	0.00100708	"GNPS-NIH-SMALLMOLECULEPHARMACOLOGICALLYACTIVE"	"Dorrestein"	355.103	"N/A"	229.725	7	"O[C@@H]1C[C@](O)(C[C@@H](OC(=O)/C=C/c2ccc(O)c(O)c2)[C@@H]1O)C(=O)O"	0	355.102	"spectra/specs_ms.pklbin"	"CCMSLIB00000085409"	1977.88	"UPDATE-SINGLE-ANNOTATED-GOLD"	NA	NA
"0"	67638	"[M+H]+"	"N/A"	1	"Massbank:PB006182 Chlorogenic Acid|(1S,3R,4R,5R)-3-[(E)-3-(3,4-dihydroxyphenyl)prop-2-enoyl]oxy-1,4,5-trihydroxycyclohexane-1-carboxylic acid"	"Isolated"	"Massbank"	0	"1S/C16H18O9/c17-9-3-1-8(5-10(9)18)2-4-13(20)25-12-7-16(24,15(22)23)6-11(19)14(12)21/h1-5,11-12,14,17-19,21,24H,6-7H2,(H,22,23)/b4-2+/t11-,12-,14-,16+/m1/s1"	"N/A"	"LC-ESI-QTOF"	"Positive"	"ESI"	355.103	"lib-00000.mgf"	"Bronze"	3	0.886179	625.214	0.222015	"MASSBANK"	"Putative Massbank Match"	355.103	"N/A"	232.554	6	"C1C(C(C(CC1(C(=O)O)O)OC(=O)C=CC2=CC(=C(C=C2)O)O)O)O"	0	355.325	"spectra/specs_ms.pklbin"	"CCMSLIB00000222497"	1946.76	"UPDATE-SINGLE-ANNOTATED-BRONZE"	NA	NA
"0"	67655	"M+H"	"327-97-9"	0	"Chlorogenic Acid"	"Isolated"	"N/A"	0	"InChI=1S/C16H18O9/c17-9-3-1-8(5-10(9)18)2-4-13(20)25-12-7-16(24,15(22)23)6-11(19)14(12)21/h1-5,11-12,14,17-19,21,24H,6-7H2,(H,22,23)/b4-2+/t11-,12-,14-,16+/m1/s1"	"N/A"	"LC-ESI-QTOF"	"Positive-20eV"	"LC-ESI"	355.102	"lib-00017.mgf"	"Bronze"	3	0.813769	1.11722	0.000396729	"METLIN"	"Metlin"	355.102	"N/A"	88.063	6	"N/A"	0	355.102	"spectra/specs_ms.pklbin"	"CCMSLIB00000527359"	1781.63	"UPDATE-SINGLE-ANNOTATED-BRONZE"	NA	NA
"355.1031_254.2926"	67690	"M+H"	"327-97-9"	0	"Chlorogenic Acid"	"Isolated"	"N/A"	0	"InChI=1S/C16H18O9/c17-9-3-1-8(5-10(9)18)2-4-13(20)25-12-7-16(24,15(22)23)6-11(19)14(12)21/h1-5,11-12,14,17-19,21,24H,6-7H2,(H,22,23)/b4-2+/t11-,12-,14-,16+/m1/s1"	"N/A"	"LC-ESI-QTOF"	"Positive-20eV"	"LC-ESI"	355.102	"lib-00017.mgf"	"Bronze"	3	0.893732	12.977	0.00460815	"METLIN"	"Metlin"	355.102	"N/A"	255.681	6	"N/A"	0	355.107	"spectra/specs_ms.pklbin"	"CCMSLIB00000527359"	3904.08	"UPDATE-SINGLE-ANNOTATED-BRONZE"	NA	NA
"0"	6793	"M+H"	"N/A"	1	"MLS002172436-01!4-oxo-1H-quinoline-2-carboxylic acid"	"NIH Natural Product Library"	"VVP/LMS"	189.043	"N/A"	"N/A"	"qTof"	"Positive"	"LC-ESI"	190.05	"lib-00014.mgf"	"Gold"	1	0.776721	0	0	"GNPS-NIH-NATURALPRODUCTSLIBRARY"	"Dorrestein"	190.05	"N/A"	235.42	7	"OC(=O)c1cc(O)c2ccccc2n1"	0	190.05	"spectra/specs_ms.pklbin"	"CCMSLIB00000080012"	8646.67	"UPDATE-SINGLE-ANNOTATED-GOLD"	NA	NA
"0"	68019	"M+H"	"N/A"	0	"Leu Pro Lys"	"Isolated"	"N/A"	0	"N/A"	"N/A"	"LC-ESI-QTOF"	"Positive-10eV"	"LC-ESI"	357.25	"lib-00017.mgf"	"Bronze"	3	0.749369	141.803	0.0506592	"METLIN"	"Metlin"	357.25	"N/A"	150.902	8	"N/A"	0	357.199	"spectra/specs_ms.pklbin"	"CCMSLIB00000524912"	33608.2	"UPDATE-SINGLE-ANNOTATED-BRONZE"	NA	NA
"0"	68154	"M+H"	"N/A"	0	"Leu Ile Asn"	"Isolated"	"N/A"	0	"N/A"	"N/A"	"LC-ESI-QTOF"	"Positive-20eV"	"LC-ESI"	359.229	"lib-00017.mgf"	"Bronze"	3	0.836592	2674.83	0.960876	"METLIN"	"Metlin"	359.229	"N/A"	314.239	6	"N/A"	0	358.268	"spectra/specs_ms.pklbin"	"CCMSLIB00000486664"	33251.2	"UPDATE-SINGLE-ANNOTATED-BRONZE"	NA	NA
"0"	68212	"M+H"	"N/A"	0	"Ile Lys Val"	"Isolated"	"N/A"	0	"N/A"	"N/A"	"LC-ESI-QTOF"	"Positive-20eV"	"LC-ESI"	359.265	"lib-00017.mgf"	"Bronze"	3	0.82643	60.3955	0.021698	"METLIN"	"Metlin"	359.265	"N/A"	234.976	9	"N/A"	0	359.287	"spectra/specs_ms.pklbin"	"CCMSLIB00000488472"	30623.2	"UPDATE-SINGLE-ANNOTATED-BRONZE"	NA	NA
"0"	68216	"M+H"	"N/A"	0	"Val Leu Gln"	"Isolated"	"N/A"	0	"N/A"	"N/A"	"LC-ESI-QTOF"	"Positive-20eV"	"LC-ESI"	359.229	"lib-00017.mgf"	"Bronze"	3	0.892876	2.46364	0.00088501	"METLIN"	"Metlin"	359.229	"N/A"	129.081	9	"N/A"	0	359.228	"spectra/specs_ms.pklbin"	"CCMSLIB00000521540"	58158.4	"UPDATE-SINGLE-ANNOTATED-BRONZE"	NA	NA
"0"	68218	"M+H"	"N/A"	1	"Asp-Val-Lys"	"Isolated"	"NIST"	0	"N/A"	"N/A"	"Q-TOF"	"Positive"	"ESI"	361.208	"lib-00020.mgf"	"Bronze"	3	0.907407	5390.81	1.9472	"NIST14"	"NIST"	361.208	"N/A"	53.896	13	"N/A"	0	359.261	"spectra/specs_ms.pklbin"	"CCMSLIB00000387255"	60965.3	"UPDATE-SINGLE-ANNOTATED-BRONZE"	NA	NA
"0"	68221	"M+H"	"N/A"	0	"Thr Ile Gln"	"Isolated"	"N/A"	0	"N/A"	"N/A"	"LC-ESI-QTOF"	"Positive-20eV"	"LC-ESI"	361.208	"lib-00017.mgf"	"Bronze"	3	0.87712	5482.14	1.98019	"METLIN"	"Metlin"	361.208	"N/A"	151.901	9	"N/A"	0	359.228	"spectra/specs_ms.pklbin"	"CCMSLIB00000520454"	52166.4	"UPDATE-SINGLE-ANNOTATED-BRONZE"	NA	NA
"0"	68233	"M+H"	"N/A"	0	"Leu Val Gln"	"Isolated"	"N/A"	0	"N/A"	"N/A"	"LC-ESI-QTOF"	"Positive-20eV"	"LC-ESI"	359.229	"lib-00017.mgf"	"Bronze"	3	0.710366	16.9906	0.00610352	"METLIN"	"Metlin"	359.229	"N/A"	104.229	6	"N/A"	0	359.235	"spectra/specs_ms.pklbin"	"CCMSLIB00000523917"	2492.78	"UPDATE-SINGLE-ANNOTATED-BRONZE"	NA	NA
"0"	68265	"M+H"	"N/A"	0	"Asn Leu Leu"	"Isolated"	"N/A"	0	"N/A"	"N/A"	"LC-ESI-QTOF"	"Positive-20eV"	"LC-ESI"	359.229	"lib-00017.mgf"	"Bronze"	3	0.769296	2385.99	0.857117	"METLIN"	"Metlin"	359.229	"N/A"	48.487	10	"N/A"	0	360.086	"spectra/specs_ms.pklbin"	"CCMSLIB00000481483"	5875.46	"UPDATE-SINGLE-ANNOTATED-BRONZE"	NA	NA
"0"	69087	"M+NH4"	"13718940"	1	"Palatinose"	"Isolated"	"NIST"	0	"N/A"	"N/A"	"QqQ"	"Positive"	"ESI"	360.15	"lib-00020.mgf"	"Bronze"	3	0.744293	2.79628	0.00100708	"NIST14"	"NIST"	360.15	"N/A"	50.033	6	"N/A"	0	360.149	"spectra/specs_ms.pklbin"	"CCMSLIB00000396167"	2498.21	"UPDATE-SINGLE-ANNOTATED-BRONZE"	NA	NA
"360.1502_ 27.0222"	69093	"M+NH4"	"13718940"	1	"Palatinose"	"Isolated"	"NIST"	0	"N/A"	"N/A"	"QqQ"	"Positive"	"ESI"	360.15	"lib-00020.mgf"	"Bronze"	3	0.885973	0	0	"NIST14"	"NIST"	360.15	"N/A"	20.812	7	"N/A"	0	360.15	"spectra/specs_ms.pklbin"	"CCMSLIB00000396167"	7476.4	"UPDATE-SINGLE-ANNOTATED-BRONZE"	NA	NA
"0"	69143	"M+H"	"N/A"	0	"Ile Glu Val"	"Isolated"	"N/A"	0	"N/A"	"N/A"	"LC-ESI-QTOF"	"Positive-20eV"	"LC-ESI"	360.213	"lib-00017.mgf"	"Bronze"	3	0.83824	2.45691	0.00088501	"METLIN"	"Metlin"	360.213	"N/A"	265.924	9	"N/A"	0	360.212	"spectra/specs_ms.pklbin"	"CCMSLIB00000514968"	13751.2	"UPDATE-SINGLE-ANNOTATED-BRONZE"	NA	NA
"0"	69303	"M+H"	"N/A"	0	"Leu Glu Thr"	"Isolated"	"N/A"	0	"N/A"	"N/A"	"LC-ESI-QTOF"	"Positive-20eV"	"LC-ESI"	362.192	"lib-00017.mgf"	"Bronze"	3	0.815237	3.2018	0.00115967	"METLIN"	"Metlin"	362.192	"N/A"	168.537	8	"N/A"	0	362.191	"spectra/specs_ms.pklbin"	"CCMSLIB00000518684"	16267.5	"UPDATE-SINGLE-ANNOTATED-BRONZE"	NA	NA
"0"	69304	"+"	"N/A"	1	"ThrGluLeu"	"Isolated"	"Metlin"	0	"N/A"	"N/A"	"=LCESIQTOFpos"	"Positive"	"LC-ESI"	362.192	"lib-00028.mgf"	"Bronze"	3	0.703474	3.2018	0.00115967	"METLIN_INTERIM"	"Metlin"	362.192	"N/A"	224.253	7	"N/A"	0	362.191	"spectra/specs_ms.pklbin"	"CCMSLIB00000421383"	3249.75	"UPDATE-SINGLE-ANNOTATED-BRONZE"	NA	NA
"0"	69347	"[M+H]"	"85-32-5"	1	"ReSpect:PS071408 Guanosine-5'-monophosphate|GMP|G-5'-P|5'-GMP|Guanosine monophosphate|Guanylic acid"	"Isolated"	"ReSpect"	0	"N/A"	"N/A"	"Flow-injection QqQ/MS"	"Positive"	"ESI"	362.29	"lib-00005.mgf"	"Bronze"	3	0.903937	4899.37	1.77499	"RESPECT"	"Putative ReSpect Match"	362.29	"N/A"	73.287	6	"C1=NC2=C(N1C3C(C(C(O3)COP(=O)(O)O)O)O)NC(=NC2=O)N"	0	364.065	"spectra/specs_ms.pklbin"	"CCMSLIB00000217144"	146377	"UPDATE-SINGLE-ANNOTATED-BRONZE"	NA	NA
"0"	6958	"193.0"	"192461942"	1	"14,15-Dihydroxy-5Z,8Z,11Z-eicosatrienoic acid"	"Isolated"	"NIST"	0	"N/A"	"N/A"	"IT/ion trap"	"Positive"	"ESI"	193	"lib-00020.mgf"	"Bronze"	3	0.803669	4632.11	0.893997	"NIST14"	"NIST"	193	"N/A"	105.635	6	"N/A"	0	192.106	"spectra/specs_ms.pklbin"	"CCMSLIB00000241601"	28815.2	"UPDATE-SINGLE-ANNOTATED-BRONZE"	NA	NA
"0"	70961	"M+H"	"N/A"	0	"Thr Val Phe"	"Isolated"	"N/A"	0	"N/A"	"N/A"	"LC-ESI-QTOF"	"Positive-20eV"	"LC-ESI"	366.202	"lib-00017.mgf"	"Bronze"	3	0.78177	1.00002	0.000366211	"METLIN"	"Metlin"	366.202	"N/A"	270.704	8	"N/A"	0	366.202	"spectra/specs_ms.pklbin"	"CCMSLIB00000523749"	6555.08	"UPDATE-SINGLE-ANNOTATED-BRONZE"	NA	NA
"370.1719_ 55.7247"	71300	"M+H"	"N/A"	1	"Phe-Gly-Phe"	"Isolated"	"NIST"	0	"N/A"	"N/A"	"QqQ"	"Positive"	"ESI"	370.176	"lib-00020.mgf"	"Bronze"	3	0.890264	2871.82	1.06308	"NIST14"	"NIST"	370.176	"N/A"	75.488	9	"N/A"	0	369.113	"spectra/specs_ms.pklbin"	"CCMSLIB00000336474"	3842.37	"UPDATE-SINGLE-ANNOTATED-BRONZE"	NA	NA
"0"	71302	"M+H"	"458-37-7"	0	"Curcumin"	"Isolated"	"N/A"	0	"InChI=1S/C21H20O6/c1-26-20-11-14(5-9-18(20)24)3-7-16(22)13-17(23)8-4-15-6-10-19(25)21(12-15)27-2/h3-13,22,24-25H,1-2H3/b7-3+,8-4+,16-13-"	"N/A"	"LC-ESI-QTOF"	"Positive-40eV"	"LC-ESI"	369.133	"lib-00017.mgf"	"Bronze"	3	0.813574	41.3368	0.0152588	"METLIN"	"Metlin"	369.133	"N/A"	282.123	6	"N/A"	0	369.118	"spectra/specs_ms.pklbin"	"CCMSLIB00000495824"	3861.31	"UPDATE-SINGLE-ANNOTATED-BRONZE"	NA	NA
"0"	71583	"[M-H2O+H]+"	"57-88-5"	1	"Massbank:FFF00004 Cholesterol"	"Isolated"	"Massbank"	0	"1S/C27H46O/c1-18(2)7-6-8-19(3)23-11-12-24-22-10-9-20-17-21(28)13-15-26(20,4)25(22)14-16-27(23,24)5/h9,18-19,21-25,28H,6-8,10-17H2,1-5H3/t19?,21-,22?,23?,24?,25?,26?,27?/m0/s1"	"N/A"	"LC-APPI-QQ"	"Positive"	"ESI"	369.42	"lib-00000.mgf"	"Bronze"	3	0.746815	186.78	0.0690002	"MASSBANK"	"Putative Massbank Match"	369.42	"N/A"	683.478	10	"CC(C4)(C(CC(O)C4)=3)C(C2)C(CC3)C(C1)C(C)(C2)C(C(C)CCCC(C)C)C1"	0	369.351	"spectra/specs_ms.pklbin"	"CCMSLIB00000213086"	4199.23	"UPDATE-SINGLE-ANNOTATED-BRONZE"	NA	NA
"0"	72064	"M+H"	"N/A"	1	"PyroGlu-Ile-Lys"	"Isolated"	"NIST"	0	"N/A"	"N/A"	"QqQ"	"Positive"	"ESI"	371.229	"lib-00020.mgf"	"Bronze"	3	0.898184	2.46621	0.000915527	"NIST14"	"NIST"	371.229	"N/A"	141.967	10	"N/A"	0	371.228	"spectra/specs_ms.pklbin"	"CCMSLIB00000381763"	5481.29	"UPDATE-SINGLE-ANNOTATED-BRONZE"	NA	NA
"0"	72267	"M+3H"	"N/A"	3	"Plusbacin_B1_33164_dereplictor_pv_1.58385e-12"	"N/A"	"N/A"	0	"N/A"	"N/A"	"N/A"	"N/A"	"N/A"	372.193	"lib-00003.mgf"	"Bronze"	3	0.714614	0	742.37	"DEREPLICATOR_IDENTIFIED_LIBRARY"	"Pevzner"	372.193	"N/A"	103.727	16	"[H]OC(=O)C([H])(O[H])C1([H])N([H])C(=O)C2([H])N(C(=O)C([H])(N([H])C(=O)C([H])(N([H])C(=O)C([H])(N([H])C(=O)C3([H])N(C(=O)C([H])(N([H])C(=O)C([H])(N([H])C(=O)C([H])([H])C([H])(OC1=O)C([H])([H])C([H])([H])C([H])([H])C([H])([H])C([H])([H])C([H])([H])C([H])([H])C([H])([H])C([H])([H])C([H])([H])C([H])([H])[H])C([H])(O[H])C([H])([H])[H])C([H])([H])[H])C([H])([H])C([H])([H])C3([H])[H])C([H])([H])C([H])([H])C([H])([H])N([H])C(=N[H])N([H])[H])C([H])(O[H])C(=O)O[H])C([H])([H])O[H])C([H])([H])C([H])([H])C2([H])O[H]"	0	372.193	"spectra/specs_ms.pklbin"	"CCMSLIB00000577798"	28371.2	"UPDATE-SINGLE-ANNOTATED-BRONZE"	NA	NA
"0"	72353	"M+H"	"N/A"	1	"Asp-Leu-Lys"	"Isolated"	"NIST"	0	"N/A"	"N/A"	"Q-TOF"	"Positive"	"ESI"	375.224	"lib-00020.mgf"	"Bronze"	3	0.83372	5257.6	1.97278	"NIST14"	"NIST"	375.224	"N/A"	236.652	10	"N/A"	0	373.251	"spectra/specs_ms.pklbin"	"CCMSLIB00000387153"	1867.21	"UPDATE-SINGLE-ANNOTATED-BRONZE"	NA	NA
"0"	72359	"M+H"	"N/A"	0	"Lys Ile Leu"	"Isolated"	"N/A"	0	"N/A"	"N/A"	"LC-ESI-QTOF"	"Positive-20eV"	"LC-ESI"	373.281	"lib-00017.mgf"	"Bronze"	3	0.910754	0.081755	3.05176e-05	"METLIN"	"Metlin"	373.281	"N/A"	248.436	15	"N/A"	0	373.281	"spectra/specs_ms.pklbin"	"CCMSLIB00000524401"	26464.6	"UPDATE-SINGLE-ANNOTATED-BRONZE"	NA	NA
"0"	72551	"M+H"	"N/A"	0	"Leu Glu Ile"	"Isolated"	"N/A"	0	"N/A"	"N/A"	"LC-ESI-QTOF"	"Positive-20eV"	"LC-ESI"	374.229	"lib-00017.mgf"	"Bronze"	3	0.8133	238.936	0.0894165	"METLIN"	"Metlin"	374.229	"N/A"	108.603	7	"N/A"	0	374.318	"spectra/specs_ms.pklbin"	"CCMSLIB00000521512"	10767.4	"UPDATE-SINGLE-ANNOTATED-BRONZE"	NA	NA
"0"	72815	"M+H"	"N/A"	0	"Val Glu Lys"	"Isolated"	"N/A"	0	"N/A"	"N/A"	"LC-ESI-QTOF"	"Positive-20eV"	"LC-ESI"	375.224	"lib-00017.mgf"	"Bronze"	3	0.795646	2524.37	0.947205	"METLIN"	"Metlin"	375.224	"N/A"	68.257	11	"N/A"	0	376.171	"spectra/specs_ms.pklbin"	"CCMSLIB00000482763"	9645.17	"UPDATE-SINGLE-ANNOTATED-BRONZE"	NA	NA
"0"	72820	"M+H"	"N/A"	0	"Asn Ile Glu"	"Isolated"	"N/A"	0	"N/A"	"N/A"	"LC-ESI-QTOF"	"Positive-20eV"	"LC-ESI"	375.187	"lib-00017.mgf"	"Bronze"	3	0.810867	2621.41	0.983521	"METLIN"	"Metlin"	375.187	"N/A"	148.918	9	"N/A"	0	376.171	"spectra/specs_ms.pklbin"	"CCMSLIB00000521680"	1672.6	"UPDATE-SINGLE-ANNOTATED-BRONZE"	NA	NA
"0"	72857	"M+H"	"N/A"	0	"Met Ile Asp"	"Isolated"	"N/A"	0	"N/A"	"N/A"	"LC-ESI-QTOF"	"Positive-20eV"	"LC-ESI"	378.169	"lib-00017.mgf"	"Bronze"	3	0.77334	5141.52	1.94437	"METLIN"	"Metlin"	378.169	"N/A"	306.668	7	"N/A"	0	376.225	"spectra/specs_ms.pklbin"	"CCMSLIB00000516472"	24648.9	"UPDATE-SINGLE-ANNOTATED-BRONZE"	NA	NA
"0"	73491	"M+H"	"N/A"	1	"Riboflavin"	"Isolated"	"Ed Esquenazi "	0	"N/A"	"N/A"	"qTof"	"Positive"	"LC-ESI"	377.146	"lib-00004.mgf"	"Bronze"	3	0.766481	2.67027	0.00100708	"GNPS-SELLECKCHEM-FDA-PART1"	"Sirenas"	377.146	"N/A"	275.904	7	"N/A"	0	377.145	"spectra/specs_ms.pklbin"	"CCMSLIB00000005495"	5430.3	"UPDATE-SINGLE-ANNOTATED-BRONZE"	NA	NA
"380.1120_ 63.0850"	74126	"M+H"	"25138663"	1	"S-Lactoylglutathione"	"Isolated"	"NIST"	0	"N/A"	"N/A"	"HCD"	"Positive"	"ESI"	380.112	"lib-00020.mgf"	"Bronze"	3	0.820746	0.562	0.000213623	"NIST14"	"NIST"	380.112	"N/A"	49.805	11	"N/A"	0	380.112	"spectra/specs_ms.pklbin"	"CCMSLIB00000274481"	36440.4	"UPDATE-SINGLE-ANNOTATED-BRONZE"	NA	NA
"0"	7592	"M+H"	"N/A"	1	"MLS002473312-01!"	"NIH Natural Product Library"	"VVP/LMS"	196.074	"N/A"	"N/A"	"qTof"	"Positive"	"LC-ESI"	197.081	"lib-00014.mgf"	"Gold"	1	0.735998	6114.17	1.20499	"GNPS-NIH-NATURALPRODUCTSLIBRARY"	"Dorrestein"	197.081	"N/A"	70.273	12	"COc1cc(OC)c(C=O)cc1OC"	0	195.876	"spectra/specs_ms.pklbin"	"CCMSLIB00000080202"	5737.95	"UPDATE-SINGLE-ANNOTATED-GOLD"	NA	NA
"382.2436_178.6982"	76116	"M+H"	"N/A"	0	"Leu Leu His"	"Isolated"	"N/A"	0	"N/A"	"N/A"	"LC-ESI-QTOF"	"Positive-20eV"	"LC-ESI"	382.245	"lib-00017.mgf"	"Bronze"	3	0.925653	2.3153	0.00088501	"METLIN"	"Metlin"	382.245	"N/A"	177.9	13	"N/A"	0	382.244	"spectra/specs_ms.pklbin"	"CCMSLIB00000518812"	75378.3	"UPDATE-SINGLE-ANNOTATED-BRONZE"	NA	NA
"387.2007_269.4912"	78041	"M+H"	"54835-70-0"	1	"roseoside"	"Isolated"	"TJ Ling"	386.194	" "	" "	"qTof"	"Positive"	"LC-ESI"	387.203	"lib-00008.mgf"	"Bronze"	3	0.835468	5.20182	0.00201416	"GNPS-LIBRARY"	"TJ Ling"	387.203	" "	267.209	8	"CC([C@@](/C=C/[C@H](O[C@H]1[C@H](O)[C@@H](O)[C@H](O)[C@@H](CO)O1)C)(O)C(C)(C)C2)=CC2=O"	0	387.201	"spectra/specs_ms.pklbin"	"CCMSLIB00000579260"	16572.9	"UPDATE-SINGLE-ANNOTATED-BRONZE"	NA	NA
"0"	78059	"M+H"	"N/A"	0	"Arg Asp Val"	"Isolated"	"N/A"	0	"N/A"	"N/A"	"LC-ESI-QTOF"	"Positive-20eV"	"LC-ESI"	389.214	"lib-00017.mgf"	"Bronze"	3	0.804028	4037	1.57126	"METLIN"	"Metlin"	389.214	"N/A"	303.054	14	"N/A"	0	387.643	"spectra/specs_ms.pklbin"	"CCMSLIB00000524365"	12186.8	"UPDATE-SINGLE-ANNOTATED-BRONZE"	NA	NA
"0"	78614	"M+H"	"N/A"	0	"Lys Ile Gln"	"Isolated"	"N/A"	0	"N/A"	"N/A"	"LC-ESI-QTOF"	"Positive-20eV"	"LC-ESI"	388.255	"lib-00017.mgf"	"Bronze"	3	0.769169	2437.91	0.946533	"METLIN"	"Metlin"	388.255	"N/A"	149.047	10	"N/A"	0	389.202	"spectra/specs_ms.pklbin"	"CCMSLIB00000481459"	2459.83	"UPDATE-SINGLE-ANNOTATED-BRONZE"	NA	NA
"0"	78634	"M+H"	"N/A"	0	"Lys Ile Met"	"Isolated"	"N/A"	0	"N/A"	"N/A"	"LC-ESI-QTOF"	"Positive-10eV"	"LC-ESI"	391.237	"lib-00017.mgf"	"Bronze"	3	0.737599	5107.77	1.99835	"METLIN"	"Metlin"	391.237	"N/A"	43.965	9	"N/A"	0	389.239	"spectra/specs_ms.pklbin"	"CCMSLIB00000486018"	1628.83	"UPDATE-SINGLE-ANNOTATED-BRONZE"	NA	NA
"0"	8132	"M+H"	"61-78-9"	1	"HMDB:HMDB01867-1751 4-Aminohippuric acid"	"Isolated"	"HMDB"	194.069	"InChI=1S/C9H10N2O3/c10-7-3-1-6(2-4-7)9(14)11-5-8(12)13/h1-4H,5,10H2,(H,11,14)(H,12,13)"	"N/A"	"Quattro_QQQ:25eV"	"Positive"	"Positive"	195.077	"lib-00002.mgf"	"Bronze"	3	0.714324	5423.49	1.058	"HMDB"	"HMDB"	195.077	"N/A"	268.047	6	"NC1=CC=C(C=C1)C(=O)NCC(O)=O"	0	196.135	"spectra/specs_ms.pklbin"	"CCMSLIB00000425903"	1953.18	"UPDATE-SINGLE-ANNOTATED-BRONZE"	NA	NA
"392.2498_322.7121"	81835	"M+H"	"N/A"	0	"Leu Phe Ile"	"Isolated"	"N/A"	0	"N/A"	"N/A"	"LC-ESI-QTOF"	"Positive-20eV"	"LC-ESI"	392.254	"lib-00017.mgf"	"Bronze"	3	0.814104	11.1255	0.00436401	"METLIN"	"Metlin"	392.254	"N/A"	322.765	6	"N/A"	0	392.25	"spectra/specs_ms.pklbin"	"CCMSLIB00000521352"	1885.13	"UPDATE-SINGLE-ANNOTATED-BRONZE"	NA	NA
"0"	81913	"M+H"	"N/A"	1	"Phe-Val-Lys"	"Isolated"	"NIST"	0	"N/A"	"N/A"	"QqQ"	"Positive"	"ESI"	393.25	"lib-00020.mgf"	"Bronze"	3	0.889503	34.6112	0.0136108	"NIST14"	"NIST"	393.25	"N/A"	236.446	11	"N/A"	0	393.236	"spectra/specs_ms.pklbin"	"CCMSLIB00000374704"	53137.2	"UPDATE-SINGLE-ANNOTATED-BRONZE"	NA	NA
"0"	82173	"M+H"	"N/A"	0	"Asp Phe Leu"	"Isolated"	"N/A"	0	"N/A"	"N/A"	"LC-ESI-QTOF"	"Positive-20eV"	"LC-ESI"	394.197	"lib-00017.mgf"	"Bronze"	3	0.752574	3893.3	1.53473	"METLIN"	"Metlin"	394.197	"N/A"	302.933	6	"N/A"	0	395.732	"spectra/specs_ms.pklbin"	"CCMSLIB00000486804"	5228.21	"UPDATE-SINGLE-ANNOTATED-BRONZE"	NA	NA
"0"	82182	"M+H"	"N/A"	0	"Val Tyr Ile"	"Isolated"	"N/A"	0	"N/A"	"N/A"	"LC-ESI-QTOF"	"Positive-20eV"	"LC-ESI"	394.234	"lib-00017.mgf"	"Bronze"	3	0.779031	1.70302	0.000671387	"METLIN"	"Metlin"	394.234	"N/A"	285.121	6	"N/A"	0	394.233	"spectra/specs_ms.pklbin"	"CCMSLIB00000515928"	6300.47	"UPDATE-SINGLE-ANNOTATED-BRONZE"	NA	NA
"0"	82415	"M+H"	"N/A"	0	"Asn Val Tyr"	"Isolated"	"N/A"	0	"N/A"	"N/A"	"LC-ESI-QTOF"	"Positive-20eV"	"LC-ESI"	395.192	"lib-00017.mgf"	"Bronze"	3	0.74944	1.23555	0.000488281	"METLIN"	"Metlin"	395.192	"N/A"	163.285	11	"N/A"	0	395.192	"spectra/specs_ms.pklbin"	"CCMSLIB00000484403"	2464.72	"UPDATE-SINGLE-ANNOTATED-BRONZE"	NA	NA
"0"	8263	"M+2H]"	"N/A"	1	"Phe-Thr-Lys"	"Isolated"	"NIST"	0	"N/A"	"N/A"	"QqQ"	"Positive"	"ESI"	198.118	"lib-00020.mgf"	"Bronze"	3	0.835547	4997.51	0.990097	"NIST14"	"NIST"	198.118	"N/A"	97.198	6	"N/A"	0	197.128	"spectra/specs_ms.pklbin"	"CCMSLIB00000374692"	1961.91	"UPDATE-SINGLE-ANNOTATED-BRONZE"	NA	NA
"0"	82880	"[M-H2O+H]+"	"83-46-5"	1	"Massbank:FFF00066 beta-Sitosterol"	"Isolated"	"Massbank"	0	"1S/C29H50O/c1-7-21(19(2)3)9-8-20(4)25-12-13-26-24-11-10-22-18-23(30)14-16-28(22,5)27(24)15-17-29(25,26)6/h10,19-21,23-27,30H,7-9,11-18H2,1-6H3/t20?,21?,23-,24?,25?,26?,27?,28?,29?/m0/s1"	"N/A"	"LC-APPI-QQ"	"Positive"	"ESI"	397.6	"lib-00000.mgf"	"Bronze"	3	0.714643	548.334	0.218018	"MASSBANK"	"Putative Massbank Match"	397.6	"N/A"	727.017	12	"C(C4)C(C(CC4O)=3)(C(C(CC3)2)CCC(C21)(C(CC1)C(C)CCC(C(C)C)CC)C)C"	0	397.382	"spectra/specs_ms.pklbin"	"CCMSLIB00000213196"	19979.2	"UPDATE-SINGLE-ANNOTATED-BRONZE"	NA	NA
"0"	82959	"M+H"	"N/A"	0	"His Ile Met"	"Isolated"	"N/A"	0	"N/A"	"N/A"	"LC-ESI-QTOF"	"Positive-20eV"	"LC-ESI"	400.201	"lib-00017.mgf"	"Bronze"	3	0.786443	4995.66	1.99927	"METLIN"	"Metlin"	400.201	"N/A"	56.193	8	"N/A"	0	398.202	"spectra/specs_ms.pklbin"	"CCMSLIB00000515660"	1772.69	"UPDATE-SINGLE-ANNOTATED-BRONZE"	NA	NA
"398.3421_346.1769"	82965	"M+H"	"80784"	1	"Solanidine"	"Isolated"	"NIST"	0	"N/A"	"N/A"	"HCD"	"Positive"	"ESI"	398.342	"lib-00020.mgf"	"Bronze"	3	0.863099	0.766116	0.000305176	"NIST14"	"NIST"	398.342	"N/A"	340.546	9	"N/A"	0	398.342	"spectra/specs_ms.pklbin"	"CCMSLIB00000289964"	197660	"UPDATE-SINGLE-ANNOTATED-BRONZE"	NA	NA
"398.3421_346.1769"	82981	"M+H"	"80784"	1	"Solanidine"	"Isolated"	"NIST"	0	"N/A"	"N/A"	"HCD"	"Positive"	"ESI"	398.342	"lib-00020.mgf"	"Bronze"	3	0.725468	0.766116	0.000305176	"NIST14"	"NIST"	398.342	"N/A"	339.543	8	"N/A"	0	398.342	"spectra/specs_ms.pklbin"	"CCMSLIB00000289964"	5889.85	"UPDATE-SINGLE-ANNOTATED-BRONZE"	NA	NA
"198.0763_ 43.9949"	8301	"M+H"	"59-92-7"	0	"L-Dopa"	"Isolated"	"N/A"	0	"InChI=1S/C9H11NO4/c10-6(9(13)14)3-5-1-2-7(11)8(12)4-5/h1-2,4,6,11-12H,3,10H2,(H,13,14)"	"N/A"	"LC-ESI-QTOF"	"Positive-20eV"	"LC-ESI"	198.076	"lib-00017.mgf"	"Bronze"	3	0.891215	4.6221	0.000915527	"METLIN"	"Metlin"	198.076	"N/A"	26.202	6	"N/A"	0	198.077	"spectra/specs_ms.pklbin"	"CCMSLIB00000528952"	15709.1	"UPDATE-SINGLE-ANNOTATED-BRONZE"	NA	NA
"0"	85565	"M+H"	"N/A"	0	"Phe Val Phe"	"Isolated"	"N/A"	0	"N/A"	"N/A"	"LC-ESI-QTOF"	"Positive-20eV"	"LC-ESI"	412.223	"lib-00017.mgf"	"Bronze"	3	0.790201	5.03416	0.0020752	"METLIN"	"Metlin"	412.223	"N/A"	323.483	7	"N/A"	0	412.221	"spectra/specs_ms.pklbin"	"CCMSLIB00000482115"	1898.32	"UPDATE-SINGLE-ANNOTATED-BRONZE"	NA	NA
"0"	85737	"M+H"	"N/A"	0	"Solasodine"	"Isolated"	"N/A"	0	"N/A"	"N/A"	"LC-ESI-QTOF"	"Positive-40eV"	"LC-ESI"	414.337	"lib-00017.mgf"	"Bronze"	3	0.74737	1.62039	0.000671387	"METLIN"	"Metlin"	414.337	"N/A"	337.55	9	"N/A"	0	414.336	"spectra/specs_ms.pklbin"	"CCMSLIB00000492278"	82598.5	"UPDATE-SINGLE-ANNOTATED-BRONZE"	NA	NA
"0"	86042	"M+H"	"148038"	1	".beta.-Tocopherol"	"Isolated"	"NIST"	0	"N/A"	"N/A"	"IT/ion trap"	"Positive"	"ESI"	417.373	"lib-00020.mgf"	"Bronze"	3	0.849141	2419.19	1.0097	"NIST14"	"NIST"	417.373	"N/A"	823.465	9	"N/A"	0	416.363	"spectra/specs_ms.pklbin"	"CCMSLIB00000348279"	3469.84	"UPDATE-SINGLE-ANNOTATED-BRONZE"	NA	NA
"0"	87746	"M+H"	"N/A"	1	"Trp-Thr-Lys"	"Isolated"	"NIST"	0	"N/A"	"N/A"	"QqQ"	"Positive"	"ESI"	434.24	"lib-00020.mgf"	"Bronze"	3	0.81483	4460.2	1.9368	"NIST14"	"NIST"	434.24	"N/A"	141.879	11	"N/A"	0	432.303	"spectra/specs_ms.pklbin"	"CCMSLIB00000377989"	21594.2	"UPDATE-SINGLE-ANNOTATED-BRONZE"	NA	NA
"0"	89268	"M+H"	"N/A"	0	"Trp Val Phe"	"Isolated"	"N/A"	0	"N/A"	"N/A"	"LC-ESI-QTOF"	"Positive-20eV"	"LC-ESI"	451.234	"lib-00017.mgf"	"Bronze"	3	0.788143	6.62788	0.00299072	"METLIN"	"Metlin"	451.234	"N/A"	339.97	11	"N/A"	0	451.231	"spectra/specs_ms.pklbin"	"CCMSLIB00000523386"	3607.81	"UPDATE-SINGLE-ANNOTATED-BRONZE"	NA	NA
"0"	89352	"M+H"	"N/A"	0	"Thr Phe Trp"	"Isolated"	"N/A"	0	"N/A"	"N/A"	"LC-ESI-QTOF"	"Positive-20eV"	"LC-ESI"	453.213	"lib-00017.mgf"	"Bronze"	3	0.702024	66.7973	0.0302734	"METLIN"	"Metlin"	453.213	"N/A"	317.922	7	"N/A"	0	453.183	"spectra/specs_ms.pklbin"	"CCMSLIB00000517276"	11481.8	"UPDATE-SINGLE-ANNOTATED-BRONZE"	NA	NA
"0"	89412	"M+H"	"53862354"	1	"1-Palmitoyl-2-hydroxy-sn-glycero-3-phosphoethanolamine"	"Isolated"	"NIST"	0	"N/A"	"N/A"	"HCD"	"Positive"	"ESI"	454.293	"lib-00020.mgf"	"Bronze"	3	0.763172	1.74658	0.000793457	"NIST14"	"NIST"	454.293	"N/A"	521.523	10	"N/A"	0	454.292	"spectra/specs_ms.pklbin"	"CCMSLIB00000254766"	23113.4	"UPDATE-SINGLE-ANNOTATED-BRONZE"	NA	NA
"0"	91394	"M+H"	"N/A"	1	"MLS001140856-01!(2R)-2-phenyl-2-[[2-[[2-(2,3,5-trimethyl-7-oxofuro[3,2-g]chromen-6-yl)acetyl]amino]acetyl]amino]acetic acid"	"NIH Natural Product Library"	"VVP/LMS"	476.158	"N/A"	"N/A"	"qTof"	"Positive"	"LC-ESI"	477.166	"lib-00014.mgf"	"Gold"	1	0.720959	3145.67	1.50101	"GNPS-NIH-NATURALPRODUCTSLIBRARY"	"Dorrestein"	477.166	"N/A"	161.206	8	"Cc1oc2cc3oc(=O)c(CC(=O)NCC(=O)N[C@@H](C(=O)O)c4ccccc4)c(C)c3cc2c1C"	0	478.667	"spectra/specs_ms.pklbin"	"CCMSLIB00000080348"	2319.87	"UPDATE-SINGLE-ANNOTATED-GOLD"	NA	NA
"0"	91610	"M+H"	"N/A"	1	"MLS001140856-01!(2R)-2-phenyl-2-[[2-[[2-(2,3,5-trimethyl-7-oxofuro[3,2-g]chromen-6-yl)acetyl]amino]acetyl]amino]acetic acid"	"NIH Natural Product Library"	"VVP/LMS"	476.158	"N/A"	"N/A"	"qTof"	"Positive"	"LC-ESI"	477.166	"lib-00014.mgf"	"Gold"	1	0.718566	4111.79	1.96201	"GNPS-NIH-NATURALPRODUCTSLIBRARY"	"Dorrestein"	477.166	"N/A"	186.349	9	"Cc1oc2cc3oc(=O)c(CC(=O)NCC(=O)N[C@@H](C(=O)O)c4ccccc4)c(C)c3cc2c1C"	0	479.128	"spectra/specs_ms.pklbin"	"CCMSLIB00000080348"	1701.45	"UPDATE-SINGLE-ANNOTATED-GOLD"	NA	NA
"0"	92471	"M+H"	"17364168"	1	"Lyso-PC(16:0)"	"Isolated"	"NIST"	0	"N/A"	"N/A"	"Q-TOF"	"Positive"	"ESI"	496.34	"lib-00020.mgf"	"Bronze"	3	0.833846	3922.33	1.94681	"NIST14"	"NIST"	496.34	"N/A"	494.568	8	"N/A"	0	494.393	"spectra/specs_ms.pklbin"	"CCMSLIB00000407568"	6846.06	"UPDATE-SINGLE-ANNOTATED-BRONZE"	NA	NA
"496.3389_520.9676"	92598	"M+H"	"17364168"	1	"Lyso-PC(16:0)"	"Isolated"	"NIST"	0	"N/A"	"N/A"	"Q-TOF"	"Positive"	"ESI"	496.34	"lib-00020.mgf"	"Bronze"	3	0.893237	1.6601	0.000823975	"NIST14"	"NIST"	496.34	"N/A"	524.728	9	"N/A"	0	496.339	"spectra/specs_ms.pklbin"	"CCMSLIB00000407568"	97273.2	"UPDATE-SINGLE-ANNOTATED-BRONZE"	NA	NA
"0"	93816	"M+H"	"19420565"	1	"1-(9Z-Octadecenoyl)-sn-glycero-3-phosphocholine"	"Isolated"	"NIST"	0	"N/A"	"N/A"	"HCD"	"Positive"	"ESI"	522.355	"lib-00020.mgf"	"Bronze"	3	0.88185	3814.32	1.99243	"NIST14"	"NIST"	522.355	"N/A"	502.318	16	"N/A"	0	520.363	"spectra/specs_ms.pklbin"	"CCMSLIB00000253258"	167127	"UPDATE-SINGLE-ANNOTATED-BRONZE"	NA	NA
"205.0978_175.3088"	9393	"M+H"	"73223"	1	"L-Tryptophan"	"Isolated"	"NIST"	0	"N/A"	"N/A"	"HCD"	"Positive"	"ESI"	205.097	"lib-00020.mgf"	"Bronze"	3	0.967854	5.87743	0.00120544	"NIST14"	"NIST"	205.097	"N/A"	176.554	6	"N/A"	0	205.096	"spectra/specs_ms.pklbin"	"CCMSLIB00000291738"	238166	"UPDATE-SINGLE-ANNOTATED-BRONZE"	NA	NA
"0"	93948	"M+H"	"19420565"	1	"1-(9Z-Octadecenoyl)-sn-glycero-3-phosphocholine"	"Isolated"	"NIST"	0	"N/A"	"N/A"	"HCD"	"Positive"	"ESI"	522.355	"lib-00020.mgf"	"Bronze"	3	0.884822	0.817922	0.000427246	"NIST14"	"NIST"	522.355	"N/A"	529.538	15	"N/A"	0	522.355	"spectra/specs_ms.pklbin"	"CCMSLIB00000253258"	20055.5	"UPDATE-SINGLE-ANNOTATED-BRONZE"	NA	NA
"0"	94004	"M+H"	"19420576"	1	"1-Stearoyl-2-hydroxy-sn-glycero-3-phosphocholine"	"Isolated"	"NIST"	0	"N/A"	"N/A"	"HCD"	"Positive"	"ESI"	524.371	"lib-00020.mgf"	"Bronze"	3	0.857592	2.09514	0.00109863	"NIST14"	"NIST"	524.371	"N/A"	561.418	8	"N/A"	0	524.37	"spectra/specs_ms.pklbin"	"CCMSLIB00000254500"	5050.46	"UPDATE-SINGLE-ANNOTATED-BRONZE"	NA	NA
"0"	9495	"[M+H]"	"N/A"	1	"THIABENDAZOLE"	"Commercial"	"Garg_Neha"	201.036	"c1nc(cs1)c2nc3ccccc3[nH]2"	"N/A"	"qTof"	"Positive"	"LC-ESI"	202.044	"lib-00011.mgf"	"Gold"	1	0.917711	4.98446	0.00100708	"GNPS-NIH-CLINICALCOLLECTION2"	"Dorrestein"	202.044	"N/A"	246.613	7	"N/A"	0	202.043	"spectra/specs_ms.pklbin"	"CCMSLIB00000077041"	2956.24	"UPDATE-SINGLE-ANNOTATED-GOLD"	NA	NA
"0"	9524	"M+H-NH3"	"N/A"	1	"Lys-Ala"	"Isolated"	"NIST"	0	"N/A"	"N/A"	"IT/ion trap"	"Positive"	"ESI"	201.123	"lib-00020.mgf"	"Bronze"	3	0.754204	7659.99	1.5406	"NIST14"	"NIST"	201.123	"N/A"	205.622	6	"N/A"	0	202.664	"spectra/specs_ms.pklbin"	"CCMSLIB00000382499"	1549.44	"UPDATE-SINGLE-ANNOTATED-BRONZE"	NA	NA
"0"	97287	"M+2H"	"N/A"	2	"Stenothricin_component_IV_30423_dereplictor_pv_2.69708e-11"	"N/A"	"N/A"	0	"N/A"	"N/A"	"N/A"	"N/A"	"N/A"	566.797	"lib-00003.mgf"	"Bronze"	3	0.720587	77.6404	565.745	"DEREPLICATOR_IDENTIFIED_LIBRARY"	"Pevzner"	566.797	"N/A"	269.582	32	"[H]OC([H])([H])C1([H])N([H])C(=O)C([H])(N([H])C(=O)\C(N([H])C(=O)C([H])(N([H])C(=O)C([H])(N([H])C(=O)C([H])(N([H])C(=O)C([H])(N([H])C(=O)C([H])([H])C(=O)C([H])([H])C([H])([H])C([H])([H])C([H])([H])C([H])([H])C([H])([H])C([H])([H])C([H])([H])C([H])(C([H])([H])[H])C([H])([H])C([H])([H])[H])C([H])([H])S(=O)(=O)O[H])C([H])(OC(=O)C([H])([H])N(C(=O)C([H])(N([H])C1=O)C([H])([H])C([H])([H])C([H])([H])C([H])([H])N([H])[H])C([H])([H])[H])C([H])([H])[H])C([H])([H])O[H])C([H])([H])N([H])[H])=C(/[H])C([H])([H])[H])C([H])(C([H])([H])[H])C([H])([H])[H]"	0	566.841	"spectra/specs_ms.pklbin"	"CCMSLIB00000577839"	19517	"UPDATE-SINGLE-ANNOTATED-BRONZE"	NA	NA
"0"	97673	"M+H"	"2382663"	1	"Adenylyl(3'-5')cytidine"	"Isolated"	"NIST"	0	"N/A"	"N/A"	"Q-TOF"	"Positive"	"ESI"	573.145	"lib-00020.mgf"	"Bronze"	3	0.74445	235.027	0.134705	"NIST14"	"NIST"	573.145	"N/A"	157.321	12	"N/A"	0	573.28	"spectra/specs_ms.pklbin"	"CCMSLIB00000363522"	93667.4	"UPDATE-SINGLE-ANNOTATED-BRONZE"	NA	NA
"0"	97717	"M+H"	"2382663"	1	"Adenylyl(3'-5')cytidine"	"Isolated"	"NIST"	0	"N/A"	"N/A"	"Q-TOF"	"Positive"	"ESI"	573.145	"lib-00020.mgf"	"Bronze"	3	0.722736	1702.27	0.975647	"NIST14"	"NIST"	573.145	"N/A"	155.466	7	"N/A"	0	574.121	"spectra/specs_ms.pklbin"	"CCMSLIB00000363525"	79344.6	"UPDATE-SINGLE-ANNOTATED-BRONZE"	NA	NA
"0"	99614	"M+H"	"17650849"	1	"Kaempferol 3-O-rutinoside"	"Isolated"	"NIST"	0	"N/A"	"N/A"	"Q-TOF"	"Positive"	"ESI"	595.166	"lib-00020.mgf"	"Bronze"	3	0.829126	113.832	0.067749	"NIST14"	"NIST"	595.166	"N/A"	318.172	7	"N/A"	0	595.098	"spectra/specs_ms.pklbin"	"CCMSLIB00000409094"	61038.5	"UPDATE-SINGLE-ANNOTATED-BRONZE"	NA	NA
"0"	99701	"M+H"	"17650849"	1	"Kaempferol 3-O-rutinoside"	"Isolated"	"NIST"	0	"N/A"	"N/A"	"Q-TOF"	"Positive"	"ESI"	595.166	"lib-00020.mgf"	"Bronze"	3	0.949932	1.33317	0.000793457	"NIST14"	"NIST"	595.166	"N/A"	312.963	8	"N/A"	0	595.165	"spectra/specs_ms.pklbin"	"CCMSLIB00000409094"	19460.2	"UPDATE-SINGLE-ANNOTATED-BRONZE"	NA	NA
"0"	99755	"M+H-H2O"	"123072300"	1	"Di-.gamma.-linolenin (6c,9c,12c)"	"Isolated"	"NIST"	0	"N/A"	"N/A"	"HCD"	"Positive"	"ESI"	595.472	"lib-00020.mgf"	"Bronze"	3	0.764119	310.879	0.18512	"NIST14"	"NIST"	595.472	"N/A"	470.818	10	"N/A"	0	595.287	"spectra/specs_ms.pklbin"	"CCMSLIB00000289337"	28114.6	"UPDATE-SINGLE-ANNOTATED-BRONZE"	NA	NA
