#Scan#	Adduct	CAS_Number	Charge	Compound_Name	Compound_Source	Data_Collector	ExactMass	FileScanUniqueID	INCHI	INCHI_AUX	Instrument	IonMode	Ion_Source	LibMZ	LibraryName	LibraryQualityString	Library_Class	MQScore	MZErrorPPM	MassDiff	NumberHits	Organism	PI	Precursor_MZ	Pubmed_ID	RT_Query	SharedPeaks	Smiles	SpecCharge	SpecMZ	SpectrumFile	SpectrumID	TIC_Query	UpdateWorkflowName	tags
10	M+H-H2O	306230	1	Spectral Match to p-Hydroxyphenyllactic acid from NIST14	Isolated	Data deposited by mjmeehan	0.0	ms2_mgf_file/specs_ms.mgf10	N/A	N/A	HCD	Positive	ESI	165.055	lib-00024.mgf	Bronze	3	0.95044	0.55468	9.15527e-05	1	GNPS-NIST14-MATCHES	Data from Jairam KP Vanamala, PhD	165.055	N/A	34.76	6	N/A	1	165.055	ms2_mgf_file/specs_ms.mgf	CCMSLIB00003138284	25084	UPDATE-SINGLE-ANNOTATED-BRONZE	 
1010	M+H	N/A	0	Glucocerebrosides	Isolated	N/A	0.0	ms2_mgf_file/specs_ms.mgf1010	N/A	N/A	LC-ESI-QTOF	Positive-40eV	LC-ESI	714.551	lib-00025.mgf	Bronze	3	0.841377	2.73336	0.00195312	1	METLIN	Metlin	714.551	N/A	752.57	14	N/A	1	714.549	ms2_mgf_file/specs_ms.mgf	CCMSLIB00000507526	176692	UPDATE-SINGLE-ANNOTATED-BRONZE	 
1017	M+H	N/A	0	Val Leu Gln	Isolated	N/A	0.0	ms2_mgf_file/specs_ms.mgf1017	N/A	N/A	LC-ESI-QTOF	Positive-20eV	LC-ESI	359.229	lib-00025.mgf	Bronze	3	0.890965	2.7185	0.000976562	1	METLIN	Metlin	359.229	N/A	124.9	9	N/A	1	359.228	ms2_mgf_file/specs_ms.mgf	CCMSLIB00000521540	58164	UPDATE-SINGLE-ANNOTATED-BRONZE	 
1045	M+H	N/A	0	Phe Val Lys	Isolated	N/A	0.0	ms2_mgf_file/specs_ms.mgf1045	N/A	N/A	LC-ESI-QTOF	Positive-20eV	LC-ESI	393.25	lib-00025.mgf	Bronze	3	0.828412	2.94894	0.00115967	1	METLIN	Metlin	393.25	N/A	177.17	7	N/A	1	393.249	ms2_mgf_file/specs_ms.mgf	CCMSLIB00000483127	17248	UPDATE-SINGLE-ANNOTATED-BRONZE	 
1057	[M+H]+	N/A	1	Massbank:PB000508 3-Formylindole|1H-indole-3-carbaldehyde	Isolated	Massbank	0.0	ms2_mgf_file/specs_ms.mgf1057	1S/C9H7NO/c11-6-7-5-10-9-4-2-1-3-8(7)9/h1-6,10H	N/A	LC-ESI-QTOF	Positive	ESI	146.061	lib-00002.mgf	Bronze	3	0.869282	13.0586	0.00190735	1	MASSBANK	Putative Massbank Match	146.061	N/A	139.06	5	C1=CC=C2C(=C1)C(=CN2)C=O	1	146.059	ms2_mgf_file/specs_ms.mgf	CCMSLIB00000221896	10404	UPDATE-SINGLE-ANNOTATED-BRONZE	 
1063	M+H	N/A	0	Leu Leu His	Isolated	N/A	0.0	ms2_mgf_file/specs_ms.mgf1063	N/A	N/A	LC-ESI-QTOF	Positive-20eV	LC-ESI	382.245	lib-00025.mgf	Bronze	3	0.911254	3.35319	0.00128174	1	METLIN	Metlin	382.245	N/A	122.39	11	N/A	1	382.244	ms2_mgf_file/specs_ms.mgf	CCMSLIB00000518812	54164	UPDATE-SINGLE-ANNOTATED-BRONZE	 
1071	M-H2O+H	n/a	1	NCGC00381349-01_C11H13NO5_1H-Pyrrole-3-propanoic acid, 5-acetyl-4-(carboxymethyl)-	isolated	lfnothias	239.079	ms2_mgf_file/specs_ms.mgf1071	InChI=1S/C11H13NO5/c1-6(13)11-8(4-10(16)17)7(5-12-11)2-3-9(14)15/h5,12H,2-4H2,1H3,(H,14,15)(H,16,17)	N/A	Maxis II HD Q-TOF Bruker	positive	LC-ESI	222.076	lib-00000.mgf	Gold	1	0.584627	4.05388	0.000900269	1	GNPS-NIH-NATURALPRODUCTSLIBRARY_ROUND2_POSITIVE	Jadhav/Dorrestein	222.076	n/a	183.97	5	CC(=O)C1=C(CC(O)=O)C(=C[NH]1)CCC(O)=O	1	222.077	ms2_mgf_file/specs_ms.mgf	CCMSLIB00000855599	13800	UPDATE-SINGLE-ANNOTATED-GOLD	 
1078	M+H	73-40-5	0	Guanine	Isolated	N/A	0.0	ms2_mgf_file/specs_ms.mgf1078	InChI=1S/C5H5N5O/c6-5-9-3-2(4(11)10-5)7-1-8-3/h1H,(H4,6,7,8,9,10,11)	N/A	LC-ESI-QTOF	Positive-20eV	LC-ESI	152.057	lib-00025.mgf	Bronze	3	0.929148	1.10384	0.000167847	1	METLIN	Metlin	152.057	N/A	87.84	5	N/A	1	152.057	ms2_mgf_file/specs_ms.mgf	CCMSLIB00000526489	23660	UPDATE-SINGLE-ANNOTATED-BRONZE	 
1085	M+H	N/A	0	Val Leu Gln	Isolated	N/A	0.0	ms2_mgf_file/specs_ms.mgf1085	N/A	N/A	LC-ESI-QTOF	Positive-20eV	LC-ESI	359.229	lib-00025.mgf	Bronze	3	0.89056	17.2455	0.00619507	1	METLIN	Metlin	359.229	N/A	164.05	10	N/A	1	359.223	ms2_mgf_file/specs_ms.mgf	CCMSLIB00000521540	61852	UPDATE-SINGLE-ANNOTATED-BRONZE	 
1089	M+2H]	N/A	1	Phe-Val-Arg	Isolated	NIST	0.0	ms2_mgf_file/specs_ms.mgf1089	N/A	N/A	Q-TOF	Positive	ESI	211.132	lib-00027.mgf	Bronze	3	0.691755	0	0	1	NIST14	NIST	211.132	N/A	174.41	6	N/A	1	211.132	ms2_mgf_file/specs_ms.mgf	CCMSLIB00000387844	15076	UPDATE-SINGLE-ANNOTATED-BRONZE	 
11	M+H	60184	1	Spectral Match to L-Tyrosine from NIST14	Isolated	Data deposited by mjmeehan	0.0	ms2_mgf_file/specs_ms.mgf11	N/A	N/A	HCD	Positive	ESI	182.085	lib-00024.mgf	Bronze	3	0.994471	19.2741	0.00350952	1	GNPS-NIST14-MATCHES	Data from Bernhard Palsson	182.085	N/A	34.08	6	N/A	1	182.081	ms2_mgf_file/specs_ms.mgf	CCMSLIB00003136243	734356	UPDATE-SINGLE-ANNOTATED-BRONZE	 
112	M+H	60924	1	Spectral Match to Adenosine 3',5'-cyclic monophosphate from NIST14	Isolated	Data deposited by mjmeehan	0.0	ms2_mgf_file/specs_ms.mgf112	N/A	N/A	HCD	Positive	ESI	330.059	lib-00024.mgf	Bronze	3	0.972938	0.554766	0.000183105	1	GNPS-NIST14-MATCHES	Data from Jairam KP Vanamala, PhD	330.059	N/A	27.17	9	N/A	1	330.059	ms2_mgf_file/specs_ms.mgf	CCMSLIB00003138759	157736	UPDATE-SINGLE-ANNOTATED-BRONZE	 
1125	2M+H	150301	1	Spectral Match to DL-Phenylalanine from NIST14	Isolated	Data deposited by fevargas	0.0	ms2_mgf_file/specs_ms.mgf1125	N/A	N/A	Q-TOF	Positive	ESI	331.168	lib-00024.mgf	Bronze	3	0.990385	12.7169	0.00421143	1	GNPS-NIST14-MATCHES	Data from Suryasarathi Dasgupta	331.168	N/A	59.36	8	N/A	1	331.164	ms2_mgf_file/specs_ms.mgf	CCMSLIB00003137311	1.25968e+06	UPDATE-SINGLE-ANNOTATED-BRONZE	 
1143	M+H	2243621	1	1,5-Diaminonaphthalene	Isolated	NIST	0.0	ms2_mgf_file/specs_ms.mgf1143	N/A	N/A	Q-TOF	Positive	ESI	159.092	lib-00027.mgf	Bronze	3	0.739621	3.16509	0.00050354	1	NIST14	NIST	159.092	N/A	148.1	5	N/A	1	159.091	ms2_mgf_file/specs_ms.mgf	CCMSLIB00000359898	14092	UPDATE-SINGLE-ANNOTATED-BRONZE	 
1160	M+H	N/A	0	Gly Glu Leu	Isolated	N/A	0.0	ms2_mgf_file/specs_ms.mgf1160	N/A	N/A	LC-ESI-QTOF	Positive-20eV	LC-ESI	318.166	lib-00025.mgf	Bronze	3	0.559922	2.7816	0.00088501	1	METLIN	Metlin	318.166	N/A	180.43	6	N/A	1	318.165	ms2_mgf_file/specs_ms.mgf	CCMSLIB00000515392	7340	UPDATE-SINGLE-ANNOTATED-BRONZE	 
1164	M+2H]	N/A	1	Ile-Val-Lys	Isolated	NIST	0.0	ms2_mgf_file/specs_ms.mgf1164	N/A	N/A	Q-TOF	Positive	ESI	180.136	lib-00027.mgf	Bronze	3	0.744489	0.592948	0.000106812	1	NIST14	NIST	180.136	N/A	160.63	5	N/A	1	180.136	ms2_mgf_file/specs_ms.mgf	CCMSLIB00000388720	8556	UPDATE-SINGLE-ANNOTATED-BRONZE	 
1171	M+H	N/A	0	Glu Leu Ala	Isolated	N/A	0.0	ms2_mgf_file/specs_ms.mgf1171	N/A	N/A	LC-ESI-QTOF	Positive-20eV	LC-ESI	332.182	lib-00025.mgf	Bronze	3	0.566457	0.826832	0.000274658	1	METLIN	Metlin	332.182	N/A	120.36	7	N/A	1	332.181	ms2_mgf_file/specs_ms.mgf	CCMSLIB00000485771	10856	UPDATE-SINGLE-ANNOTATED-BRONZE	 
1174	M+H	N/A	0	Val Leu Gln	Isolated	N/A	0.0	ms2_mgf_file/specs_ms.mgf1174	N/A	N/A	LC-ESI-QTOF	Positive-20eV	LC-ESI	359.229	lib-00025.mgf	Bronze	3	0.879541	3.39812	0.0012207	1	METLIN	Metlin	359.229	N/A	67.35	9	N/A	1	359.23	ms2_mgf_file/specs_ms.mgf	CCMSLIB00000521540	39508	UPDATE-SINGLE-ANNOTATED-BRONZE	 
1179	M+Na	n/a	1	NCGC00380365-01_C19H28O13_4-Hydroxy-3,5-dimethoxyphenyl 6-O-[(2S,3R,4R)-3,4-dihydroxy-4-(hydroxymethyl)tetrahydro-2-furanyl]-beta-D-glucopyranoside	isolated	lfnothias	464.153	ms2_mgf_file/specs_ms.mgf1179	InChI=1S/C19H28O13/c1-27-9-3-8(4-10(28-2)12(9)21)31-17-15(24)14(23)13(22)11(32-17)5-29-18-16(25)19(26,6-20)7-30-18/h3-4,11,13-18,20-26H,5-7H2,1-2H3/t11-,13-,14+,15-,16+,17-,18+,19-/m1/s1	N/A	Maxis II HD Q-TOF Bruker	positive	LC-ESI	487.142	lib-00000.mgf	Gold	1	0.795534	0.626462	0.000305176	1	GNPS-NIH-NATURALPRODUCTSLIBRARY_ROUND2_POSITIVE	Jadhav/Dorrestein	487.142	n/a	150.56	10	COC1=CC(=CC(=C1O)OC)O[C@@H]2O[C@H](CO[C@H]3OC[C@](O)(CO)[C@H]3O)[C@@H](O)[C@H](O)[C@H]2O	1	487.142	ms2_mgf_file/specs_ms.mgf	CCMSLIB00000853921	12328	UPDATE-SINGLE-ANNOTATED-GOLD	 
1183	M+H	N/A	0	Gly Ala Ile	Isolated	N/A	0.0	ms2_mgf_file/specs_ms.mgf1183	N/A	N/A	LC-ESI-QTOF	Positive-10eV	LC-ESI	260.16	lib-00025.mgf	Bronze	3	0.797146	1.40763	0.000366211	1	METLIN	Metlin	260.16	N/A	134.61	5	N/A	1	260.16	ms2_mgf_file/specs_ms.mgf	CCMSLIB00000518951	3568	UPDATE-SINGLE-ANNOTATED-BRONZE	 
1188	M+H	N/A	0	Leu Leu His	Isolated	N/A	0.0	ms2_mgf_file/specs_ms.mgf1188	N/A	N/A	LC-ESI-QTOF	Positive-20eV	LC-ESI	382.245	lib-00025.mgf	Bronze	3	0.903629	3.83221	0.00146484	1	METLIN	Metlin	382.245	N/A	180.39	11	N/A	1	382.243	ms2_mgf_file/specs_ms.mgf	CCMSLIB00000518812	81040	UPDATE-SINGLE-ANNOTATED-BRONZE	 
12	M+H-NH3	73223	1	Spectral Match to L-Tryptophan from NIST14	Isolated	Data deposited by dfloros	0.0	ms2_mgf_file/specs_ms.mgf12	N/A	N/A	Q-TOF	Positive	ESI	188.072	lib-00024.mgf	Bronze	3	0.958933	6.97741	0.00131226	1	GNPS-NIST14-MATCHES	Data from Pieter Dorrestein	188.072	N/A	163.63	7	N/A	1	188.071	ms2_mgf_file/specs_ms.mgf	CCMSLIB00003135119	269160	UPDATE-SINGLE-ANNOTATED-BRONZE	 
129	M+H-C9H10O5	20283925	1	Spectral Match to Rosmarinic acid from NIST14	Isolated	Data deposited by mjmeehan	0.0	ms2_mgf_file/specs_ms.mgf129	N/A	N/A	QqQ	Positive	ESI	163.039	lib-00024.mgf	Bronze	3	0.962048	1.21667	0.000198364	1	GNPS-NIST14-MATCHES	Data from Jairam KP Vanamala, PhD	163.039	N/A	254.69	6	N/A	1	163.039	ms2_mgf_file/specs_ms.mgf	CCMSLIB00003139305	25064	UPDATE-SINGLE-ANNOTATED-BRONZE	 
13	M+H	692046	1	N.epsilon.-Acetyl-L-lysine	Isolated	NIST	0.0	ms2_mgf_file/specs_ms.mgf13	N/A	N/A	HCD	Positive	ESI	189.123	lib-00027.mgf	Bronze	3	0.893101	0.564772	0.000106812	1	NIST14	NIST	189.123	N/A	22.92	5	N/A	1	189.124	ms2_mgf_file/specs_ms.mgf	CCMSLIB00000276855	20612	UPDATE-SINGLE-ANNOTATED-BRONZE	 
134	M+H-NH3	73223	1	Spectral Match to L-Tryptophan from NIST14	Isolated	Data deposited by dfloros	0.0	ms2_mgf_file/specs_ms.mgf134	N/A	N/A	Q-TOF	Positive	ESI	188.072	lib-00024.mgf	Bronze	3	0.955132	6.97741	0.00131226	1	GNPS-NIST14-MATCHES	Data from Pieter Dorrestein	188.072	N/A	186.36	7	N/A	1	188.071	ms2_mgf_file/specs_ms.mgf	CCMSLIB00003135119	151856	UPDATE-SINGLE-ANNOTATED-BRONZE	 
138	M+H	73223	1	Spectral Match to L-Tryptophan from NIST14	Isolated	Data deposited by dfloros	0.0	ms2_mgf_file/specs_ms.mgf138	N/A	N/A	Q-TOF	Positive	ESI	205.094	lib-00024.mgf	Bronze	3	0.989582	14.6566	0.00300598	1	GNPS-NIST14-MATCHES	Data from Pieter Dorrestein	205.094	N/A	184.22	7	N/A	1	205.097	ms2_mgf_file/specs_ms.mgf	CCMSLIB00003136916	565656	UPDATE-SINGLE-ANNOTATED-BRONZE	 
15	M+H	73223	1	Spectral Match to L-Tryptophan from NIST14	Isolated	Data deposited by dfloros	0.0	ms2_mgf_file/specs_ms.mgf15	N/A	N/A	Q-TOF	Positive	ESI	205.094	lib-00024.mgf	Bronze	3	0.990031	15.6238	0.00320435	1	GNPS-NIST14-MATCHES	Data from Pieter Dorrestein	205.094	N/A	161.58	7	N/A	1	205.097	ms2_mgf_file/specs_ms.mgf	CCMSLIB00003136916	1.06282e+06	UPDATE-SINGLE-ANNOTATED-BRONZE	 
18	[M+H]	79-83-4	1	ReSpect:PT110060 D-Pantothenic acid hemicalcium salt|Vitamin B5|D-Pantothenic Acid|(R)-Pantothenate|(R)-(+)-N-(2,4-Dihydroxy-3,3-dimethyl-1-oxobutyl)-beta-alanine|3-[[(2R)-2,4-dihydroxy-3,3-dimethylbutanoyl]amino]prop	Isolated	ReSpect	0.0	ms2_mgf_file/specs_ms.mgf18	1/C9H17NO5/c1-9(2,5-11)7(14)8(15)10-4-3-6(12)13/h7,11,14H,3-5H2,1-2H3,(H,10,15)(H,12,13)/t7-/m0/s1/f/h10,12H	N/A	LC-Q-TOF/MS	Positive	ESI	220.118	lib-00007.mgf	Bronze	3	0.545147	2.70352	0.000595093	1	RESPECT	Putative ReSpect Match	220.118	N/A	132.14	5	CC(C)(CO)C(C(=O)NCCC(=O)O)O	1	220.117	ms2_mgf_file/specs_ms.mgf	CCMSLIB00000221537	15600	UPDATE-SINGLE-ANNOTATED-BRONZE	 
192	M+H	73-40-5	0	Guanine	Isolated	N/A	0.0	ms2_mgf_file/specs_ms.mgf192	InChI=1S/C5H5N5O/c6-5-9-3-2(4(11)10-5)7-1-8-3/h1H,(H4,6,7,8,9,10,11)	N/A	LC-ESI-QTOF	Positive-20eV	LC-ESI	152.057	lib-00025.mgf	Bronze	3	0.929148	1.10384	0.000167847	1	METLIN	Metlin	152.057	N/A	83.08	5	N/A	1	152.057	ms2_mgf_file/specs_ms.mgf	CCMSLIB00000526489	23660	UPDATE-SINGLE-ANNOTATED-BRONZE	 
193	M+H	2243621	1	1,5-Diaminonaphthalene	Isolated	NIST	0.0	ms2_mgf_file/specs_ms.mgf193	N/A	N/A	Q-TOF	Positive	ESI	159.092	lib-00027.mgf	Bronze	3	0.760796	1.91824	0.000305176	1	NIST14	NIST	159.092	N/A	181.38	5	N/A	1	159.091	ms2_mgf_file/specs_ms.mgf	CCMSLIB00000359898	14180	UPDATE-SINGLE-ANNOTATED-BRONZE	 
194	M+H-C9H10O5	20283925	1	Spectral Match to Rosmarinic acid from NIST14	Isolated	Data deposited by mjmeehan	0.0	ms2_mgf_file/specs_ms.mgf194	N/A	N/A	QqQ	Positive	ESI	163.039	lib-00024.mgf	Bronze	3	0.917274	0.561539	9.15527e-05	1	GNPS-NIST14-MATCHES	Data from Jairam KP Vanamala, PhD	163.039	N/A	224.01	5	N/A	1	163.039	ms2_mgf_file/specs_ms.mgf	CCMSLIB00003139305	20456	UPDATE-SINGLE-ANNOTATED-BRONZE	 
197	[M+H]	79-83-4	1	ReSpect:PT110060 D-Pantothenic acid hemicalcium salt|Vitamin B5|D-Pantothenic Acid|(R)-Pantothenate|(R)-(+)-N-(2,4-Dihydroxy-3,3-dimethyl-1-oxobutyl)-beta-alanine|3-[[(2R)-2,4-dihydroxy-3,3-dimethylbutanoyl]amino]prop	Isolated	ReSpect	0.0	ms2_mgf_file/specs_ms.mgf197	1/C9H17NO5/c1-9(2,5-11)7(14)8(15)10-4-3-6(12)13/h7,11,14H,3-5H2,1-2H3,(H,10,15)(H,12,13)/t7-/m0/s1/f/h10,12H	N/A	LC-Q-TOF/MS	Positive	ESI	220.118	lib-00007.mgf	Bronze	3	0.728817	3.18876	0.000701904	1	RESPECT	Putative ReSpect Match	220.118	N/A	157.21	6	CC(C)(CO)C(C(=O)NCCC(=O)O)O	1	220.117	ms2_mgf_file/specs_ms.mgf	CCMSLIB00000221537	12680	UPDATE-SINGLE-ANNOTATED-BRONZE	 
204	M+H	58617	1	Spectral Match to Adenosine from NIST14	Isolated	Data deposited by vphelan	0.0	ms2_mgf_file/specs_ms.mgf204	N/A	N/A	QqQ	Positive	ESI	268.106	lib-00024.mgf	Bronze	3	0.957401	7.7402	0.0020752	1	GNPS-NIST14-MATCHES	Data from Pieter Dorrestein	268.106	N/A	66.75	5	N/A	1	268.104	ms2_mgf_file/specs_ms.mgf	CCMSLIB00003140191	1.04526e+06	UPDATE-SINGLE-ANNOTATED-BRONZE	 
207	M+H	634015	1	Spectral Match to Adenosine 2',3'-cyclic monophosphate from NIST14	Isolated	Data deposited by mjmeehan	0.0	ms2_mgf_file/specs_ms.mgf207	N/A	N/A	Q-TOF	Positive	ESI	330.06	lib-00024.mgf	Bronze	3	0.972678	1.84921	0.000610352	1	GNPS-NIST14-MATCHES	Data from Jairam KP Vanamala, PhD	330.06	N/A	43.37	9	N/A	1	330.059	ms2_mgf_file/specs_ms.mgf	CCMSLIB00003136106	178056	UPDATE-SINGLE-ANNOTATED-BRONZE	 
208	2M+H	150301	1	Spectral Match to DL-Phenylalanine from NIST14	Isolated	Data deposited by fevargas	0.0	ms2_mgf_file/specs_ms.mgf208	N/A	N/A	Q-TOF	Positive	ESI	331.168	lib-00024.mgf	Bronze	3	0.990385	10.8739	0.00360107	1	GNPS-NIST14-MATCHES	Data from Suryasarathi Dasgupta	331.168	N/A	74.32	8	N/A	1	331.164	ms2_mgf_file/specs_ms.mgf	CCMSLIB00003137311	1.25968e+06	UPDATE-SINGLE-ANNOTATED-BRONZE	 
209	M+H	7665998	1	Guanosine 3',5'-cyclic monophosphate	Isolated	NIST	0.0	ms2_mgf_file/specs_ms.mgf209	N/A	N/A	Q-TOF	Positive	ESI	346.055	lib-00027.mgf	Bronze	3	0.973448	1.67556	0.000579834	1	NIST14	NIST	346.055	N/A	54.68	5	N/A	1	346.054	ms2_mgf_file/specs_ms.mgf	CCMSLIB00000362416	211472	UPDATE-SINGLE-ANNOTATED-BRONZE	 
220	M+H	 	1	Anthocyanin [M+]|Coumaroylated Anthocyanidin Gloucoside|3-(Coum-Rha-Glc)-Petunidin	Crude	D Floros	771.214	ms2_mgf_file/specs_ms.mgf220	 	 	qTof	Positive	LC-ESI	771.213	lib-00010.mgf	Bronze	3	0.844258	0.158284	0.00012207	1	GNPS-LIBRARY	P Dorrestein	771.213	 	310.02	7	CC1C(OC(/C=C/C2=CC=C(O)C=C2)=O)C(O)C(O)C(OCC3C(O)C(O)C(O)C(OC4=C(C5=CC(O)=C(O)C(OC)=C5)[O+]=C6C=C(O)C=C(O)C6=C4)O3)O1	1	771.213	ms2_mgf_file/specs_ms.mgf	CCMSLIB00000574547	201380	UPDATE-SINGLE-ANNOTATED-BRONZE	 
228	M+H	 	1	Anthocyanin [M+]|Coumaroylated Anthocyanidin Gloucoside|3-(Coum-Rha-Glc)-5-Glc-Petunidin	Crude	D Floros	933.266	ms2_mgf_file/specs_ms.mgf228	 	 	qTof	Positive	LC-ESI	933.268	lib-00010.mgf	Bronze	3	0.981379	4.38176	0.00408936	1	GNPS-LIBRARY	P Dorrestein	933.268	 	294.34	22	CC1C(C(C(C(O1)OCC2C(C(C(C(O2)OC3=C([O+]=C4C=C(C=C(C4=C3)OC5C(C(C(C(O5)CO)O)O)O)O)C6=CC(=C(C(=C6)OC)O)O)O)O)O)O)O)OC(=O)C=CC7=CC=C(C=C7)O	1	933.264	ms2_mgf_file/specs_ms.mgf	CCMSLIB00000574546	1.33988e+06	UPDATE-SINGLE-ANNOTATED-BRONZE	 
247	M+H	1074868	1	Spectral Match to 1H-Indole-4-carboxaldehyde from NIST14	Isolated	Data deposited by fevargas	0.0	ms2_mgf_file/specs_ms.mgf247	N/A	N/A	HCD	Positive	ESI	146.06	lib-00024.mgf	Bronze	3	0.885828	6.16369	0.000900269	1	GNPS-NIST14-MATCHES	Data from Suryasarathi Dasgupta	146.06	N/A	213.68	5	N/A	1	146.059	ms2_mgf_file/specs_ms.mgf	CCMSLIB00003137574	9184	UPDATE-SINGLE-ANNOTATED-BRONZE	 
249	M+H	61541	1	Spectral Match to Tryptamine from NIST14	Isolated	Data deposited by fevargas	0.0	ms2_mgf_file/specs_ms.mgf249	N/A	N/A	Q-TOF	Positive	ESI	161.108	lib-00024.mgf	Bronze	3	0.968196	6.81923	0.00109863	1	GNPS-NIST14-MATCHES	Data from Suryasarathi Dasgupta	161.108	N/A	218.37	6	N/A	1	161.107	ms2_mgf_file/specs_ms.mgf	CCMSLIB00003135424	98056	UPDATE-SINGLE-ANNOTATED-BRONZE	 
250	M+H-NH3	73223	1	Spectral Match to L-Tryptophan from NIST14	Isolated	Data deposited by dfloros	0.0	ms2_mgf_file/specs_ms.mgf250	N/A	N/A	Q-TOF	Positive	ESI	188.072	lib-00024.mgf	Bronze	3	0.954551	8.03214	0.00151062	1	GNPS-NIST14-MATCHES	Data from Pieter Dorrestein	188.072	N/A	212.16	7	N/A	1	188.07	ms2_mgf_file/specs_ms.mgf	CCMSLIB00003135119	328048	UPDATE-SINGLE-ANNOTATED-BRONZE	 
252	M+H	73223	1	Spectral Match to L-Tryptophan from NIST14	Isolated	Data deposited by dfloros	0.0	ms2_mgf_file/specs_ms.mgf252	N/A	N/A	Q-TOF	Positive	ESI	205.094	lib-00024.mgf	Bronze	3	0.988899	15.1774	0.00311279	1	GNPS-NIST14-MATCHES	Data from Pieter Dorrestein	205.094	N/A	208.98	7	N/A	1	205.097	ms2_mgf_file/specs_ms.mgf	CCMSLIB00003136916	1.22165e+06	UPDATE-SINGLE-ANNOTATED-BRONZE	 
253	[M+H]	79-83-4	1	ReSpect:PT110060 D-Pantothenic acid hemicalcium salt|Vitamin B5|D-Pantothenic Acid|(R)-Pantothenate|(R)-(+)-N-(2,4-Dihydroxy-3,3-dimethyl-1-oxobutyl)-beta-alanine|3-[[(2R)-2,4-dihydroxy-3,3-dimethylbutanoyl]amino]prop	Isolated	ReSpect	0.0	ms2_mgf_file/specs_ms.mgf253	1/C9H17NO5/c1-9(2,5-11)7(14)8(15)10-4-3-6(12)13/h7,11,14H,3-5H2,1-2H3,(H,10,15)(H,12,13)/t7-/m0/s1/f/h10,12H	N/A	LC-Q-TOF/MS	Positive	ESI	220.118	lib-00007.mgf	Bronze	3	0.667871	2.70352	0.000595093	1	RESPECT	Putative ReSpect Match	220.118	N/A	191.42	6	CC(C)(CO)C(C(=O)NCCC(=O)O)O	1	220.117	ms2_mgf_file/specs_ms.mgf	CCMSLIB00000221537	12200	UPDATE-SINGLE-ANNOTATED-BRONZE	 
26	M+H	N/A	1	Spectral Match to Ile-Glu from NIST14	Isolated	Data deposited by mjmeehan	0.0	ms2_mgf_file/specs_ms.mgf26	N/A	N/A	Q-TOF	Positive	ESI	261.148	lib-00024.mgf	Bronze	3	0.656238	16.4772	0.00430298	1	GNPS-NIST14-MATCHES	Data from Bernhard Palsson	261.148	N/A	189.97	5	N/A	1	261.144	ms2_mgf_file/specs_ms.mgf	CCMSLIB00003134776	7872	UPDATE-SINGLE-ANNOTATED-BRONZE	 
269	M+H	n/a	1	NCGC00169933-02_C45H73NO15_beta-D-Mannopyranoside, solanid-5-en-3-yl O-6-deoxy-alpha-L-mannopyranosyl-(1->2)-O-[beta-D-glucopyranosyl-(1->3)]-	isolated	lfnothias	867.498	ms2_mgf_file/specs_ms.mgf269	InChI=1S/C45H73NO15/c1-19-6-9-27-20(2)31-28(46(27)16-19)15-26-24-8-7-22-14-23(10-12-44(22,4)25(24)11-13-45(26,31)5)57-43-40(61-41-37(54)35(52)32(49)21(3)56-41)39(34(51)30(18-48)59-43)60-42-38(55)36(53)33(50)29(17-47)58-42/h7,19-21,23-43,47-55H,6,8-18H2,1-5H3/t19-,20+,21-,23?,24+,25-,26-,27+,28-,29+,30+,31-,32-,33+,34+,35+,36-,37+,38+,39-,40-,41-,42-,43+,44-,45-/m0/s1	N/A	Maxis II HD Q-TOF Bruker	positive	LC-ESI	868.505	lib-00000.mgf	Gold	1	0.54657	3.79491	0.0032959	1	GNPS-NIH-NATURALPRODUCTSLIBRARY_ROUND2_POSITIVE	Jadhav/Dorrestein	868.505	n/a	328.32	12	C[C@H]1CC[C@@H]2[C@@H](C)[C@H]3[C@H](C[C@H]4[C@@H]5C\C=C6\CC(CC[C@]6(C)[C@H]5CC[C@]34C)O[C@@H]7O[C@H](CO)[C@@H](O)[C@H](O[C@@H]8O[C@H](CO)[C@@H](O)[C@H](O)[C@H]8O)[C@@H]7O[C@@H]9O[C@@H](C)[C@H](O)[C@@H](O)[C@H]9O)N2C1	1	868.502	ms2_mgf_file/specs_ms.mgf	CCMSLIB00000851805	21948	UPDATE-SINGLE-ANNOTATED-GOLD	 
270	M+H	n/a	1	NCGC00179912-02_C45H73NO15_beta-D-Glucopyranoside, spirosol-5-en-3-yl O-6-deoxy-alpha-L-mannopyranosyl-(1->2)-O-[6-deoxy-alpha-L-mannopyranosyl-(1->4)]-	isolated	lfnothias	867.498	ms2_mgf_file/specs_ms.mgf270	InChI=1S/C45H73NO15/c1-19-9-14-45(46-17-19)20(2)30-28(61-45)16-27-25-8-7-23-15-24(10-12-43(23,5)26(25)11-13-44(27,30)6)57-42-39(60-41-36(53)34(51)32(49)22(4)56-41)37(54)38(29(18-47)58-42)59-40-35(52)33(50)31(48)21(3)55-40/h7,19-22,24-42,46-54H,8-18H2,1-6H3/t19?,20?,21-,22-,24?,25?,26?,27?,28?,29+,30?,31-,32-,33+,34+,35+,36+,37-,38+,39+,40-,41-,42+,43?,44?,45?/m0/s1	N/A	Maxis II HD Q-TOF Bruker	positive	LC-ESI	868.505	lib-00000.mgf	Gold	1	0.831596	1.4758	0.00128174	1	GNPS-NIH-NATURALPRODUCTSLIBRARY_ROUND2_POSITIVE	Jadhav/Dorrestein	868.505	n/a	338.24	30	CC1CCC2(NC1)OC3CC4C5C\C=C6\CC(CCC6(C)C5CCC4(C)C3C2C)O[C@@H]7O[C@H](CO)[C@@H](O[C@@H]8O[C@@H](C)[C@H](O)[C@@H](O)[C@H]8O)[C@H](O)[C@H]7O[C@@H]9O[C@@H](C)[C@H](O)[C@@H](O)[C@H]9O	1	868.504	ms2_mgf_file/specs_ms.mgf	CCMSLIB00000855738	234656	UPDATE-SINGLE-ANNOTATED-GOLD	 
273	M-H2O+H	n/a	1	NCGC00385246-01_C51H84O22_beta-D-Glucopyranoside, (3beta,22beta,25R)-26-(beta-D-glucopyranosyloxy)-22-hydroxyfurost-5-en-3-yl O-6-deoxy-alpha-L-mannopyranosyl-(1->2)-O-[6-deoxy-alpha-L-mannopyranosyl-(1->4)]-	isolated	lfnothias	1048.55	ms2_mgf_file/specs_ms.mgf273	InChI=1S/C51H84O22/c1-20(19-65-45-39(60)38(59)35(56)30(17-52)69-45)9-14-51(64)21(2)32-29(73-51)16-28-26-8-7-24-15-25(10-12-49(24,5)27(26)11-13-50(28,32)6)68-48-44(72-47-41(62)37(58)34(55)23(4)67-47)42(63)43(31(18-53)70-48)71-46-40(61)36(57)33(54)22(3)66-46/h7,20-23,25-48,52-64H,8-19H2,1-6H3/t20?,21?,22-,23-,25?,26?,27?,28?,29?,30+,31+,32?,33-,34-,35+,36+,37+,38-,39+,40+,41+,42-,43+,44+,45+,46-,47-,48+,49?,50?,51?/m0/s1	N/A	Maxis II HD Q-TOF Bruker	positive	LC-ESI	1031.54	lib-00000.mgf	Gold	1	0.829602	2.13008	0.00219727	1	GNPS-NIH-NATURALPRODUCTSLIBRARY_ROUND2_POSITIVE	Jadhav/Dorrestein	1031.54	n/a	351.61	31	CC(CCC1(O)OC2CC3C4C/C=C5/CC(CCC5(C)C4CCC3(C)C2C1C)O[C@@H]6O[C@H](CO)[C@@H](O[C@@H]7O[C@@H](C)[C@H](O)[C@@H](O)[C@H]7O)[C@H](O)[C@H]6O[C@@H]8O[C@@H](C)[C@H](O)[C@@H](O)[C@H]8O)CO[C@@H]9O[C@H](CO)[C@@H](O)[C@H](O)[C@H]9O	1	1031.54	ms2_mgf_file/specs_ms.mgf	CCMSLIB00000856131	372644	UPDATE-SINGLE-ANNOTATED-GOLD	 
282	M+H-NH3	73223	1	Spectral Match to L-Tryptophan from NIST14	Isolated	Data deposited by dfloros	0.0	ms2_mgf_file/specs_ms.mgf282	N/A	N/A	Q-TOF	Positive	ESI	188.072	lib-00024.mgf	Bronze	3	0.989025	6.97741	0.00131226	1	GNPS-NIST14-MATCHES	Data from Pieter Dorrestein	188.072	N/A	235.15	8	N/A	1	188.071	ms2_mgf_file/specs_ms.mgf	CCMSLIB00003135119	208220	UPDATE-SINGLE-ANNOTATED-BRONZE	 
283	M+H	480206	1	Spectral Match to Dihydrokaempferol from NIST14	Isolated	Data deposited by pmallard	0.0	ms2_mgf_file/specs_ms.mgf283	N/A	N/A	HCD	Positive	ESI	289.071	lib-00024.mgf	Bronze	3	0.919756	0.316714	9.15527e-05	1	GNPS-NIST14-MATCHES	Data from Wolfender/Litaudon	289.071	N/A	274.62	9	N/A	1	289.071	ms2_mgf_file/specs_ms.mgf	CCMSLIB00003136126	295800	UPDATE-SINGLE-ANNOTATED-BRONZE	 
285	M+H	3422397	1	.alpha.-L-Glu-L-Tyr	Isolated	NIST	0.0	ms2_mgf_file/specs_ms.mgf285	N/A	N/A	Q-TOF	Positive	ESI	311.124	lib-00027.mgf	Bronze	3	0.807586	4.80632	0.00149536	1	NIST14	NIST	311.124	N/A	124.97	9	N/A	1	311.125	ms2_mgf_file/specs_ms.mgf	CCMSLIB00000358040	41780	UPDATE-SINGLE-ANNOTATED-BRONZE	 
288	M+Na	327979	1	Spectral Match to Chlorogenic acid from NIST14	Isolated	Data deposited by daniel	0.0	ms2_mgf_file/specs_ms.mgf288	N/A	N/A	IT/ion trap	Positive	ESI	377.084	lib-00024.mgf	Bronze	3	0.523054	0.566513	0.000213623	1	GNPS-NIST14-MATCHES	Data from PC Dorrestein	377.084	N/A	254.72	5	N/A	1	377.084	ms2_mgf_file/specs_ms.mgf	CCMSLIB00003139010	8872	UPDATE-SINGLE-ANNOTATED-BRONZE	 
291	M+H	n/a	1	NCGC00178013-03!7-[(2S,3R,4S,5S,6R)-4,5-dihydroxy-6-(hydroxymethyl)-3-[(2S,3R,4R,5R,6S)-3,4,5-trihydroxy-6-methyloxan-2-yl]oxyoxan-2-yl]oxy-5-hydroxy-2-(4-hydroxyphenyl)chromen-4-one	isolated	lfnothias	578.164	ms2_mgf_file/specs_ms.mgf291	InChI=1S/C27H30O14/c1-10-20(32)22(34)24(36)26(37-10)41-25-23(35)21(33)18(9-28)40-27(25)38-13-6-14(30)19-15(31)8-16(39-17(19)7-13)11-2-4-12(29)5-3-11/h2-8,10,18,20-30,32-36H,9H2,1H3/t10-,18+,20-,21+,22+,23-,24+,25+,26-,27+/m0/s1	N/A	Maxis II HD Q-TOF Bruker	positive	LC-ESI	579.171	lib-00000.mgf	Gold	1	0.966989	0.210767	0.00012207	1	GNPS-NIH-NATURALPRODUCTSLIBRARY_ROUND2_POSITIVE	Jadhav/Dorrestein	579.171	n/a	270.41	5	C[C@@H]1O[C@@H](O[C@@H]2[C@@H](O)[C@H](O)[C@@H](CO)O[C@H]2OC3=CC4=C(C(=O)C=C(O4)C5=CC=C(O)C=C5)C(O)=C3)[C@H](O)[C@H](O)[C@H]1O	1	579.171	ms2_mgf_file/specs_ms.mgf	CCMSLIB00000848573	773132	UPDATE-SINGLE-ANNOTATED-GOLD	 
292	+	N/A	1	Glutathioneoxidized	Isolated	Metlin	0.0	ms2_mgf_file/specs_ms.mgf292	N/A	N/A	=LCESIQTOFpos	Positive	LC-ESI	613.159	lib-00037.mgf	Bronze	3	0.822152	0.995421	0.000610352	1	METLIN_INTERIM	Metlin	613.159	N/A	31.45	17	N/A	1	613.159	ms2_mgf_file/specs_ms.mgf	CCMSLIB00000418050	263108	UPDATE-SINGLE-ANNOTATED-BRONZE	 
30	M+H	4423227	1	Glu-Met	Isolated	NIST	0.0	ms2_mgf_file/specs_ms.mgf30	N/A	N/A	Q-TOF	Positive	ESI	279.101	lib-00027.mgf	Bronze	3	0.64262	5.02975	0.00140381	1	NIST14	NIST	279.101	N/A	74.29	5	N/A	1	279.099	ms2_mgf_file/specs_ms.mgf	CCMSLIB00000384939	10960	UPDATE-SINGLE-ANNOTATED-BRONZE	 
33	M+2H]	27025418	1	Spectral Match to Glutathione, oxidized from NIST14	Isolated	Data deposited by eriche	0.0	ms2_mgf_file/specs_ms.mgf33	N/A	N/A	Q-TOF	Positive	ESI	307.083	lib-00024.mgf	Bronze	3	0.8009	0.397516	0.00012207	1	GNPS-NIST14-MATCHES	Data from Piel, Dittmann	307.083	N/A	30.71	12	N/A	1	307.083	ms2_mgf_file/specs_ms.mgf	CCMSLIB00003136629	147400	UPDATE-SINGLE-ANNOTATED-BRONZE	 
34	M+2H]	27025418	1	Spectral Match to Glutathione, oxidized from NIST14	Isolated	Data deposited by eriche	0.0	ms2_mgf_file/specs_ms.mgf34	N/A	N/A	Q-TOF	Positive	ESI	307.083	lib-00024.mgf	Bronze	3	0.8009	1.29193	0.000396729	1	GNPS-NIST14-MATCHES	Data from Piel, Dittmann	307.083	N/A	45.99	12	N/A	1	307.083	ms2_mgf_file/specs_ms.mgf	CCMSLIB00003136629	147400	UPDATE-SINGLE-ANNOTATED-BRONZE	 
35	M+H	112845	1	Spectral Match to 13-Docosenamide, (Z)- from NIST14	Isolated	Data deposited by aaksenov	0.0	ms2_mgf_file/specs_ms.mgf35	N/A	N/A	HCD	Positive	ESI	338.342	lib-00024.mgf	Bronze	3	0.55425	2.70592	0.000915527	1	GNPS-NIST14-MATCHES	Data from Rob Knight	338.342	N/A	737.33	7	N/A	1	338.341	ms2_mgf_file/specs_ms.mgf	CCMSLIB00003137543	33064	UPDATE-SINGLE-ANNOTATED-BRONZE	 
350	M+H	3422397	1	.alpha.-L-Glu-L-Tyr	Isolated	NIST	0.0	ms2_mgf_file/specs_ms.mgf350	N/A	N/A	Q-TOF	Positive	ESI	311.124	lib-00027.mgf	Bronze	3	0.817559	2.25603	0.000701904	1	NIST14	NIST	311.124	N/A	70.24	8	N/A	1	311.125	ms2_mgf_file/specs_ms.mgf	CCMSLIB00000358040	40260	UPDATE-SINGLE-ANNOTATED-BRONZE	 
353	M+H	N/A	0	Ser Gly Tyr	Isolated	N/A	0.0	ms2_mgf_file/specs_ms.mgf353	N/A	N/A	LC-ESI-QTOF	Positive-40eV	LC-ESI	326.135	lib-00025.mgf	Bronze	3	0.589376	27.7913	0.00906372	1	METLIN	Metlin	326.135	N/A	36.1	5	N/A	1	326.126	ms2_mgf_file/specs_ms.mgf	CCMSLIB00000513689	18500	UPDATE-SINGLE-ANNOTATED-BRONZE	 
358	M+NH4	13718940	1	Spectral Match to Palatinose from NIST14	Isolated	Data deposited by negarg	0.0	ms2_mgf_file/specs_ms.mgf358	N/A	N/A	QqQ	Positive	ESI	360.15	lib-00024.mgf	Bronze	3	0.87576	0.254207	9.15527e-05	1	GNPS-NIST14-MATCHES	Data from Pieter C Dorrestein	360.15	N/A	23.25	5	N/A	1	360.15	ms2_mgf_file/specs_ms.mgf	CCMSLIB00003135605	18056	UPDATE-SINGLE-ANNOTATED-BRONZE	 
36	M+H	327979	1	Spectral Match to Chlorogenic acid from NIST14	Isolated	Data deposited by mjmeehan	0.0	ms2_mgf_file/specs_ms.mgf36	N/A	N/A	Q-TOF	Positive	ESI	355.103	lib-00024.mgf	Bronze	3	0.980388	1.37504	0.000488281	1	GNPS-NIST14-MATCHES	Data from Jairam KP Vanamala, PhD	355.103	N/A	253.26	7	N/A	1	355.103	ms2_mgf_file/specs_ms.mgf	CCMSLIB00003137915	1.13092e+06	UPDATE-SINGLE-ANNOTATED-BRONZE	 
369	M+H	73223	1	Spectral Match to L-Tryptophan from NIST14	Isolated	Data deposited by dfloros	0.0	ms2_mgf_file/specs_ms.mgf369	N/A	N/A	Q-TOF	Positive	ESI	205.094	lib-00024.mgf	Bronze	3	0.987544	15.6238	0.00320435	1	GNPS-NIST14-MATCHES	Data from Pieter Dorrestein	205.094	N/A	219.25	7	N/A	1	205.097	ms2_mgf_file/specs_ms.mgf	CCMSLIB00003136916	1.25574e+06	UPDATE-SINGLE-ANNOTATED-BRONZE	 
372	[M+H]	79-83-4	1	ReSpect:PT110060 D-Pantothenic acid hemicalcium salt|Vitamin B5|D-Pantothenic Acid|(R)-Pantothenate|(R)-(+)-N-(2,4-Dihydroxy-3,3-dimethyl-1-oxobutyl)-beta-alanine|3-[[(2R)-2,4-dihydroxy-3,3-dimethylbutanoyl]amino]prop	Isolated	ReSpect	0.0	ms2_mgf_file/specs_ms.mgf372	1/C9H17NO5/c1-9(2,5-11)7(14)8(15)10-4-3-6(12)13/h7,11,14H,3-5H2,1-2H3,(H,10,15)(H,12,13)/t7-/m0/s1/f/h10,12H	N/A	LC-Q-TOF/MS	Positive	ESI	220.118	lib-00007.mgf	Bronze	3	0.667871	4.08994	0.000900269	1	RESPECT	Putative ReSpect Match	220.118	N/A	206.55	6	CC(C)(CO)C(C(=O)NCCC(=O)O)O	1	220.117	ms2_mgf_file/specs_ms.mgf	CCMSLIB00000221537	12200	UPDATE-SINGLE-ANNOTATED-BRONZE	 
38	M+H	80784	1	Solanidine	Isolated	NIST	0.0	ms2_mgf_file/specs_ms.mgf38	N/A	N/A	HCD	Positive	ESI	398.342	lib-00027.mgf	Bronze	3	0.828649	0.99595	0.000396729	1	NIST14	NIST	398.342	N/A	345	10	N/A	1	398.341	ms2_mgf_file/specs_ms.mgf	CCMSLIB00000289964	34720	UPDATE-SINGLE-ANNOTATED-BRONZE	 
386	M+H	N/A	0	Glucocerebrosides	Isolated	N/A	0.0	ms2_mgf_file/specs_ms.mgf386	N/A	N/A	LC-ESI-QTOF	Positive-40eV	LC-ESI	714.551	lib-00025.mgf	Bronze	3	0.835472	2.56252	0.00183105	1	METLIN	Metlin	714.551	N/A	752.6	13	N/A	1	714.55	ms2_mgf_file/specs_ms.mgf	CCMSLIB00000507526	182256	UPDATE-SINGLE-ANNOTATED-BRONZE	 
387	M+H	26662953	1	Spectral Match to 2-Linoleoyl-1-palmitoyl-sn-glycero-3-phosphoethanolamine from NIST14	Isolated	Data deposited by alchemistmatt	0.0	ms2_mgf_file/specs_ms.mgf387	N/A	N/A	HCD	Positive	ESI	716.52	lib-00024.mgf	Bronze	3	0.727577	1.9592	0.00140381	1	GNPS-NIST14-MATCHES	Data from Yoshihiro Kawaoka, Katrina Waters, Richard Smith and Thomas Metz	716.52	N/A	719.09	8	N/A	1	716.521	ms2_mgf_file/specs_ms.mgf	CCMSLIB00003137688	17880	UPDATE-SINGLE-ANNOTATED-BRONZE	 
398	M+H-C9H10O5	20283925	1	Spectral Match to Rosmarinic acid from NIST14	Isolated	Data deposited by mjmeehan	0.0	ms2_mgf_file/specs_ms.mgf398	N/A	N/A	QqQ	Positive	ESI	163.039	lib-00024.mgf	Bronze	3	0.927595	1.21667	0.000198364	1	GNPS-NIST14-MATCHES	Data from Jairam KP Vanamala, PhD	163.039	N/A	183.95	5	N/A	1	163.039	ms2_mgf_file/specs_ms.mgf	CCMSLIB00003139305	13248	UPDATE-SINGLE-ANNOTATED-BRONZE	 
401	M+H-NH3	73223	1	Spectral Match to L-Tryptophan from NIST14	Isolated	Data deposited by dfloros	0.0	ms2_mgf_file/specs_ms.mgf401	N/A	N/A	Q-TOF	Positive	ESI	188.072	lib-00024.mgf	Bronze	3	0.990591	6.97741	0.00131226	1	GNPS-NIST14-MATCHES	Data from Pieter Dorrestein	188.072	N/A	133.64	8	N/A	1	188.071	ms2_mgf_file/specs_ms.mgf	CCMSLIB00003135119	303344	UPDATE-SINGLE-ANNOTATED-BRONZE	 
406	M+H	73223	1	Spectral Match to L-Tryptophan from NIST14	Isolated	Data deposited by dfloros	0.0	ms2_mgf_file/specs_ms.mgf406	N/A	N/A	Q-TOF	Positive	ESI	205.094	lib-00024.mgf	Bronze	3	0.992752	16.1446	0.00331116	1	GNPS-NIST14-MATCHES	Data from Pieter Dorrestein	205.094	N/A	133.81	7	N/A	1	205.097	ms2_mgf_file/specs_ms.mgf	CCMSLIB00003136916	701076	UPDATE-SINGLE-ANNOTATED-BRONZE	 
435	M+H	327979	1	Spectral Match to Chlorogenic acid from NIST14	Isolated	Data deposited by dfloros	0.0	ms2_mgf_file/specs_ms.mgf435	N/A	N/A	HCD	Positive	ESI	355.101	lib-00024.mgf	Bronze	3	0.993868	2.7501	0.000976562	1	GNPS-NIST14-MATCHES	Data from Pieter Dorrestein	355.101	N/A	183.32	7	N/A	1	355.102	ms2_mgf_file/specs_ms.mgf	CCMSLIB00003139730	540008	UPDATE-SINGLE-ANNOTATED-BRONZE	 
447	M+H-H2O	7568936	1	2-Amino-1-phenylethanol	Isolated	NIST	0.0	ms2_mgf_file/specs_ms.mgf447	N/A	N/A	Q-TOF	Positive	ESI	120.081	lib-00027.mgf	Bronze	3	0.918566	1.71546	0.000205994	1	NIST14	NIST	120.081	N/A	61.19	5	N/A	1	120.081	ms2_mgf_file/specs_ms.mgf	CCMSLIB00000353983	26004	UPDATE-SINGLE-ANNOTATED-BRONZE	 
448	[M+H]	79-83-4	1	ReSpect:PT110060 D-Pantothenic acid hemicalcium salt|Vitamin B5|D-Pantothenic Acid|(R)-Pantothenate|(R)-(+)-N-(2,4-Dihydroxy-3,3-dimethyl-1-oxobutyl)-beta-alanine|3-[[(2R)-2,4-dihydroxy-3,3-dimethylbutanoyl]amino]prop	Isolated	ReSpect	0.0	ms2_mgf_file/specs_ms.mgf448	1/C9H17NO5/c1-9(2,5-11)7(14)8(15)10-4-3-6(12)13/h7,11,14H,3-5H2,1-2H3,(H,10,15)(H,12,13)/t7-/m0/s1/f/h10,12H	N/A	LC-Q-TOF/MS	Positive	ESI	220.118	lib-00007.mgf	Bronze	3	0.679021	4.50586	0.000991821	1	RESPECT	Putative ReSpect Match	220.118	N/A	115.11	6	CC(C)(CO)C(C(=O)NCCC(=O)O)O	1	220.117	ms2_mgf_file/specs_ms.mgf	CCMSLIB00000221537	13812	UPDATE-SINGLE-ANNOTATED-BRONZE	 
45	+	N/A	1	Glutathioneoxidized	Isolated	Metlin	0.0	ms2_mgf_file/specs_ms.mgf45	N/A	N/A	=LCESIQTOFpos	Positive	LC-ESI	613.159	lib-00037.mgf	Bronze	3	0.81603	1.39359	0.000854492	1	METLIN_INTERIM	Metlin	613.159	N/A	42.93	16	N/A	1	613.158	ms2_mgf_file/specs_ms.mgf	CCMSLIB00000418050	240672	UPDATE-SINGLE-ANNOTATED-BRONZE	 
461	M+H	25138663	1	S-Lactoylglutathione	Isolated	NIST	0.0	ms2_mgf_file/specs_ms.mgf461	N/A	N/A	HCD	Positive	ESI	380.112	lib-00027.mgf	Bronze	3	0.635603	2.64943	0.00100708	1	NIST14	NIST	380.112	N/A	50.15	10	N/A	1	380.111	ms2_mgf_file/specs_ms.mgf	CCMSLIB00000274481	67496	UPDATE-SINGLE-ANNOTATED-BRONZE	 
472	M+H-H2O	526556	1	Spectral Match to 3-(2-Hydroxyethyl)indole from NIST14	Isolated	Data deposited by fevargas	0.0	ms2_mgf_file/specs_ms.mgf472	N/A	N/A	Q-TOF	Positive	ESI	144.081	lib-00024.mgf	Bronze	3	0.939111	5.50702	0.000793457	1	GNPS-NIST14-MATCHES	Data from Suryasarathi Dasgupta	144.081	N/A	215.18	5	N/A	1	144.08	ms2_mgf_file/specs_ms.mgf	CCMSLIB00003134914	29940	UPDATE-SINGLE-ANNOTATED-BRONZE	 
473	M+H	60184	1	Spectral Match to L-Tyrosine from NIST14	Isolated	Data deposited by mjmeehan	0.0	ms2_mgf_file/specs_ms.mgf473	N/A	N/A	HCD	Positive	ESI	182.085	lib-00024.mgf	Bronze	3	0.994471	19.2741	0.00350952	1	GNPS-NIST14-MATCHES	Data from Bernhard Palsson	182.085	N/A	33.76	6	N/A	1	182.081	ms2_mgf_file/specs_ms.mgf	CCMSLIB00003136243	734356	UPDATE-SINGLE-ANNOTATED-BRONZE	 
480	M+NH4	n/a	1	NCGC00168941-08!(1S,3R,4R,5R)-3-[(E)-3-(3,4-dihydroxyphenyl)prop-2-enoyl]oxy-1,4,5-trihydroxycyclohexane-1-carboxylic acid	isolated	lfnothias	354.095	ms2_mgf_file/specs_ms.mgf480	InChI=1S/C16H18O9/c17-9-3-1-8(5-10(9)18)2-4-13(20)25-12-7-16(24,15(22)23)6-11(19)14(12)21/h1-5,11-12,14,17-19,21,24H,6-7H2,(H,22,23)/b4-2+/t11-,12-,14-,16+/m1/s1	N/A	Maxis II HD Q-TOF Bruker	positive	LC-ESI	372.129	lib-00000.mgf	Gold	1	0.963824	0.492048	0.000183105	1	GNPS-NIH-NATURALPRODUCTSLIBRARY_ROUND2_POSITIVE	Jadhav/Dorrestein	372.129	n/a	251.52	7	O[C@@H]1C[C@](O)(C[C@@H](OC(=O)\C=C\C2=CC(O)=C(O)C=C2)[C@@H]1O)C(O)=O	1	372.129	ms2_mgf_file/specs_ms.mgf	CCMSLIB00000848165	215060	UPDATE-SINGLE-ANNOTATED-GOLD	 
485	M+H	n/a	1	NCGC00384648-01!3-[(2S,3R,4S,5S,6R)-4,5-dihydroxy-6-(hydroxymethyl)-3-[(2S,3R,4S,5S,6R)-3,4,5-trihydroxy-6-(hydroxymethyl)oxan-2-yl]oxyoxan-2-yl]oxy-2-(3,4-dihydroxyphenyl)-5-hydroxy-7-methoxychromen-4-one	isolated	lfnothias	640.164	ms2_mgf_file/specs_ms.mgf485	InChI=1S/C28H32O17/c1-40-10-5-13(33)17-14(6-10)41-24(9-2-3-11(31)12(32)4-9)25(20(17)36)44-28-26(22(38)19(35)16(8-30)43-28)45-27-23(39)21(37)18(34)15(7-29)42-27/h2-6,15-16,18-19,21-23,26-35,37-39H,7-8H2,1H3/t15-,16-,18-,19-,21+,22+,23-,26-,27+,28+/m1/s1	N/A	Maxis II HD Q-TOF Bruker	positive	LC-ESI	641.171	lib-00000.mgf	Gold	1	0.897557	2.18944	0.00140381	1	GNPS-NIH-NATURALPRODUCTSLIBRARY_ROUND2_POSITIVE	Jadhav/Dorrestein	641.171	n/a	294.04	6	COC1=CC(O)=C2C(=O)C(O[C@@H]3O[C@H](CO)[C@@H](O)[C@H](O)[C@H]3O[C@@H]4O[C@H](CO)[C@@H](O)[C@H](O)[C@H]4O)=C(OC2=C1)C5=CC(O)=C(O)C=C5	1	641.17	ms2_mgf_file/specs_ms.mgf	CCMSLIB00000846882	27680	UPDATE-SINGLE-ANNOTATED-GOLD	 
487	M+H	 	1	Anthocyanin [M+]|Coumaroylated Anthocyanidin Gloucoside|3-(Coum-Rha-Glc)-5-Glc-Petunidin	Crude	D Floros	933.266	ms2_mgf_file/specs_ms.mgf487	 	 	qTof	Positive	LC-ESI	933.268	lib-00010.mgf	Bronze	3	0.994035	6.73614	0.00628662	1	GNPS-LIBRARY	P Dorrestein	933.268	 	309.9	26	CC1C(C(C(C(O1)OCC2C(C(C(C(O2)OC3=C([O+]=C4C=C(C=C(C4=C3)OC5C(C(C(C(O5)CO)O)O)O)O)C6=CC(=C(C(=C6)OC)O)O)O)O)O)O)O)OC(=O)C=CC7=CC=C(C=C7)O	1	933.262	ms2_mgf_file/specs_ms.mgf	CCMSLIB00000574546	1.31204e+06	UPDATE-SINGLE-ANNOTATED-BRONZE	 
490	M+H-C9H10O5	20283925	1	Spectral Match to Rosmarinic acid from NIST14	Isolated	Data deposited by mjmeehan	0.0	ms2_mgf_file/specs_ms.mgf490	N/A	N/A	QqQ	Positive	ESI	163.039	lib-00024.mgf	Bronze	3	0.956124	1.21667	0.000198364	1	GNPS-NIST14-MATCHES	Data from Jairam KP Vanamala, PhD	163.039	N/A	246.89	6	N/A	1	163.039	ms2_mgf_file/specs_ms.mgf	CCMSLIB00003139305	24420	UPDATE-SINGLE-ANNOTATED-BRONZE	 
496	M+H	327979	1	Spectral Match to Chlorogenic acid from NIST14	Isolated	Data deposited by dfloros	0.0	ms2_mgf_file/specs_ms.mgf496	N/A	N/A	HCD	Positive	ESI	355.101	lib-00024.mgf	Bronze	3	0.983668	3.35168	0.00119019	1	GNPS-NIST14-MATCHES	Data from Pieter Dorrestein	355.101	N/A	221.63	6	N/A	1	355.102	ms2_mgf_file/specs_ms.mgf	CCMSLIB00003139730	884808	UPDATE-SINGLE-ANNOTATED-BRONZE	 
517	M+H-C9H10O5	20283925	1	Spectral Match to Rosmarinic acid from NIST14	Isolated	Data deposited by mjmeehan	0.0	ms2_mgf_file/specs_ms.mgf517	N/A	N/A	QqQ	Positive	ESI	163.039	lib-00024.mgf	Bronze	3	0.915368	0.655129	0.000106812	1	GNPS-NIST14-MATCHES	Data from Jairam KP Vanamala, PhD	163.039	N/A	150.99	5	N/A	1	163.039	ms2_mgf_file/specs_ms.mgf	CCMSLIB00003139305	16988	UPDATE-SINGLE-ANNOTATED-BRONZE	 
52	M+H	n/a	1	NCGC00179912-02_C45H73NO15_beta-D-Glucopyranoside, spirosol-5-en-3-yl O-6-deoxy-alpha-L-mannopyranosyl-(1->2)-O-[6-deoxy-alpha-L-mannopyranosyl-(1->4)]-	isolated	lfnothias	867.498	ms2_mgf_file/specs_ms.mgf52	InChI=1S/C45H73NO15/c1-19-9-14-45(46-17-19)20(2)30-28(61-45)16-27-25-8-7-23-15-24(10-12-43(23,5)26(25)11-13-44(27,30)6)57-42-39(60-41-36(53)34(51)32(49)22(4)56-41)37(54)38(29(18-47)58-42)59-40-35(52)33(50)31(48)21(3)55-40/h7,19-22,24-42,46-54H,8-18H2,1-6H3/t19?,20?,21-,22-,24?,25?,26?,27?,28?,29+,30?,31-,32-,33+,34+,35+,36+,37-,38+,39+,40-,41-,42+,43?,44?,45?/m0/s1	N/A	Maxis II HD Q-TOF Bruker	positive	LC-ESI	868.505	lib-00000.mgf	Gold	1	0.831596	0.562209	0.000488281	1	GNPS-NIH-NATURALPRODUCTSLIBRARY_ROUND2_POSITIVE	Jadhav/Dorrestein	868.505	n/a	345.21	30	CC1CCC2(NC1)OC3CC4C5C\C=C6\CC(CCC6(C)C5CCC4(C)C3C2C)O[C@@H]7O[C@H](CO)[C@@H](O[C@@H]8O[C@@H](C)[C@H](O)[C@@H](O)[C@H]8O)[C@H](O)[C@H]7O[C@@H]9O[C@@H](C)[C@H](O)[C@@H](O)[C@H]9O	1	868.505	ms2_mgf_file/specs_ms.mgf	CCMSLIB00000855738	234656	UPDATE-SINGLE-ANNOTATED-GOLD	 
525	M+H	n/a	1	NCGC00384609-01!(2R,3S)-2-(4-hydroxyphenyl)-3,4-dihydro-2H-chromene-3,5,7-triol	isolated	lfnothias	274.084	ms2_mgf_file/specs_ms.mgf525	InChI=1S/C15H14O5/c16-9-3-1-8(2-4-9)15-13(19)7-11-12(18)5-10(17)6-14(11)20-15/h1-6,13,15-19H,7H2/t13-,15+/m0/s1	N/A	Maxis II HD Q-TOF Bruker	positive	LC-ESI	275.091	lib-00000.mgf	Gold	1	0.939527	1.10936	0.000305176	1	GNPS-NIH-NATURALPRODUCTSLIBRARY_ROUND2_POSITIVE	Jadhav/Dorrestein	275.091	n/a	266.89	6	O[C@H]1CC2=C(O)C=C(O)C=C2O[C@@H]1C3=CC=C(O)C=C3	1	275.091	ms2_mgf_file/specs_ms.mgf	CCMSLIB00000847337	49904	UPDATE-SINGLE-ANNOTATED-GOLD	 
527	M+H	2457-80-9	1	NCGC00263645-02_C11H15N5O3S_	isolated	lfnothias	297.09	ms2_mgf_file/specs_ms.mgf527	InChI=1S/C11H15N5O3S/c1-20-2-5-7(17)8(18)11(19-5)16-4-15-6-9(12)13-3-14-10(6)16/h3-5,7-8,11,17-18H,2H2,1H3,(H2,12,13,14)	N/A	Maxis II HD Q-TOF Bruker	positive	LC-ESI	298.097	lib-00000.mgf	Gold	1	0.973912	3.27599	0.000976562	1	GNPS-NIH-NATURALPRODUCTSLIBRARY_ROUND2_POSITIVE	Jadhav/Dorrestein	298.097	n/a	162.05	5	CSCC1OC(C(O)C1O)[N]2C=NC3=C2N=CN=C3N	1	298.096	ms2_mgf_file/specs_ms.mgf	CCMSLIB00000853965	189788	UPDATE-SINGLE-ANNOTATED-GOLD	 
528	M+H	327979	1	Spectral Match to Chlorogenic acid from NIST14	Isolated	Data deposited by dfloros	0.0	ms2_mgf_file/specs_ms.mgf528	N/A	N/A	HCD	Positive	ESI	355.101	lib-00024.mgf	Bronze	3	0.982042	2.7501	0.000976562	1	GNPS-NIST14-MATCHES	Data from Pieter Dorrestein	355.101	N/A	151.57	6	N/A	1	355.102	ms2_mgf_file/specs_ms.mgf	CCMSLIB00003139730	678584	UPDATE-SINGLE-ANNOTATED-BRONZE	 
542	M+2H	N/A	2	Maltacine_B2b_53515_dereplictor_pv_5.21654e-12	N/A	N/A	0.0	ms2_mgf_file/specs_ms.mgf542	N/A	N/A	N/A	N/A	N/A	758.388	lib-00005.mgf	Bronze	3	0.696957	1.04624	757.38	1	DEREPLICATOR_IDENTIFIED_LIBRARY	Pevzner	758.388	N/A	391.15	36	[H]OC(=O)C([H])([H])C([H])([H])C1([H])N([H])C(=O)C([H])(N([H])C(=O)C([H])(N([H])C(=O)C([H])(N([H])C(=O)C([H])(N([H])C(=O)C2([H])N([H])C([H])([H])C([H])([H])C2([H])[H])C([H])([H])C([H])([H])C(=O)N([H])[H])C([H])([H])C2=C([H])C([H])=C(O[H])C([H])=C2[H])C([H])([H])C([H])([H])C([H])([H])C([H])([H])OC(=O)C([H])(N([H])C(=O)C([H])(N([H])C(=O)C([H])(N([H])C(=O)C([H])(N([H])C(=O)C([H])(N([H])C(=O)C([H])(N([H])C1=O)C([H])(O[H])C([H])([H])[H])C([H])([H])C1=C([H])C([H])=C(O[H])C([H])=C1[H])C([H])([H])C([H])([H])C([H])([H])C([H])([H])N([H])[H])C([H])([H])C([H])([H])C([H])([H])C([H])([H])O[H])C([H])([H])C1=C([H])C([H])=C(O[H])C([H])=C1[H])C([H])(C([H])([H])[H])C([H])([H])C([H])([H])[H])C([H])([H])[H]	1	758.389	ms2_mgf_file/specs_ms.mgf	CCMSLIB00000577813	519204	UPDATE-SINGLE-ANNOTATED-BRONZE	 
568	M+H	n/a	1	NCGC00168800-03_C21H22O11_2,6-Dihydroxy-2-(4-hydroxybenzyl)-3-oxo-2,3-dihydro-1-benzofuran-4-yl beta-D-glucopyranoside	isolated	lfnothias	450.116	ms2_mgf_file/specs_ms.mgf568	InChI=1S/C21H22O11/c22-8-14-16(25)17(26)18(27)20(31-14)30-12-5-11(24)6-13-15(12)19(28)21(29,32-13)7-9-1-3-10(23)4-2-9/h1-6,14,16-18,20,22-27,29H,7-8H2/t14-,16-,17+,18-,20-,21?/m1/s1	N/A	Maxis II HD Q-TOF Bruker	positive	LC-ESI	451.123	lib-00000.mgf	Gold	1	0.962868	1.5559	0.000701904	1	GNPS-NIH-NATURALPRODUCTSLIBRARY_ROUND2_POSITIVE	Jadhav/Dorrestein	451.123	n/a	273.1	13	OC[C@H]1O[C@@H](OC2=C3C(=O)C(O)(CC4=CC=C(O)C=C4)OC3=CC(=C2)O)[C@H](O)[C@@H](O)[C@@H]1O	1	451.124	ms2_mgf_file/specs_ms.mgf	CCMSLIB00000852620	254660	UPDATE-SINGLE-ANNOTATED-GOLD	 
569	M+H-C9H10O5	20283925	1	Spectral Match to Rosmarinic acid from NIST14	Isolated	Data deposited by mjmeehan	0.0	ms2_mgf_file/specs_ms.mgf569	N/A	N/A	QqQ	Positive	ESI	163.039	lib-00024.mgf	Bronze	3	0.937657	0.655129	0.000106812	1	GNPS-NIST14-MATCHES	Data from Jairam KP Vanamala, PhD	163.039	N/A	136.77	6	N/A	1	163.039	ms2_mgf_file/specs_ms.mgf	CCMSLIB00003139305	13280	UPDATE-SINGLE-ANNOTATED-BRONZE	 
571	M+H	327979	1	Spectral Match to Chlorogenic acid from NIST14	Isolated	Data deposited by dfloros	0.0	ms2_mgf_file/specs_ms.mgf571	N/A	N/A	HCD	Positive	ESI	355.101	lib-00024.mgf	Bronze	3	0.982042	2.49228	0.00088501	1	GNPS-NIST14-MATCHES	Data from Pieter Dorrestein	355.101	N/A	136.71	6	N/A	1	355.102	ms2_mgf_file/specs_ms.mgf	CCMSLIB00003139730	678584	UPDATE-SINGLE-ANNOTATED-BRONZE	 
572	M+NH4	n/a	1	NCGC00168941-08!(1S,3R,4R,5R)-3-[(E)-3-(3,4-dihydroxyphenyl)prop-2-enoyl]oxy-1,4,5-trihydroxycyclohexane-1-carboxylic acid	isolated	lfnothias	354.095	ms2_mgf_file/specs_ms.mgf572	InChI=1S/C16H18O9/c17-9-3-1-8(5-10(9)18)2-4-13(20)25-12-7-16(24,15(22)23)6-11(19)14(12)21/h1-5,11-12,14,17-19,21,24H,6-7H2,(H,22,23)/b4-2+/t11-,12-,14-,16+/m1/s1	N/A	Maxis II HD Q-TOF Bruker	positive	LC-ESI	372.129	lib-00000.mgf	Gold	1	0.945632	1.64016	0.000610352	1	GNPS-NIH-NATURALPRODUCTSLIBRARY_ROUND2_POSITIVE	Jadhav/Dorrestein	372.129	n/a	134.38	5	O[C@@H]1C[C@](O)(C[C@@H](OC(=O)\C=C\C2=CC(O)=C(O)C=C2)[C@@H]1O)C(O)=O	1	372.128	ms2_mgf_file/specs_ms.mgf	CCMSLIB00000848165	10576	UPDATE-SINGLE-ANNOTATED-GOLD	 
574	M+NH4	n/a	1	NCGC00380365-01_C19H28O13_4-Hydroxy-3,5-dimethoxyphenyl 6-O-[(2S,3R,4R)-3,4-dihydroxy-4-(hydroxymethyl)tetrahydro-2-furanyl]-beta-D-glucopyranoside	isolated	lfnothias	464.153	ms2_mgf_file/specs_ms.mgf574	InChI=1S/C19H28O13/c1-27-9-3-8(4-10(28-2)12(9)21)31-17-15(24)14(23)13(22)11(32-17)5-29-18-16(25)19(26,6-20)7-30-18/h3-4,11,13-18,20-26H,5-7H2,1-2H3/t11-,13-,14+,15-,16+,17-,18+,19-/m1/s1	N/A	Maxis II HD Q-TOF Bruker	positive	LC-ESI	482.187	lib-00000.mgf	Gold	1	0.6262	2.27844	0.00109863	1	GNPS-NIH-NATURALPRODUCTSLIBRARY_ROUND2_POSITIVE	Jadhav/Dorrestein	482.187	n/a	144.38	6	COC1=CC(=CC(=C1O)OC)O[C@@H]2O[C@H](CO[C@H]3OC[C@](O)(CO)[C@H]3O)[C@@H](O)[C@H](O)[C@H]2O	1	482.186	ms2_mgf_file/specs_ms.mgf	CCMSLIB00000853919	11824	UPDATE-SINGLE-ANNOTATED-GOLD	 
584	M+H	480206	1	Spectral Match to Dihydrokaempferol from NIST14	Isolated	Data deposited by pmallard	0.0	ms2_mgf_file/specs_ms.mgf584	N/A	N/A	HCD	Positive	ESI	289.071	lib-00024.mgf	Bronze	3	0.919756	3.80056	0.00109863	1	GNPS-NIST14-MATCHES	Data from Wolfender/Litaudon	289.071	N/A	273.6	9	N/A	1	289.072	ms2_mgf_file/specs_ms.mgf	CCMSLIB00003136126	295800	UPDATE-SINGLE-ANNOTATED-BRONZE	 
586	[M+H]+	17353-03-6	1	Massbank:FIO00172 Kaempferol-7-neohesperidoside	Isolated	Massbank	0.0	ms2_mgf_file/specs_ms.mgf586	1S/C27H30O15/c1-9-17(31)20(34)23(37)26(38-9)42-25-21(35)18(32)15(8-28)41-27(25)39-12-6-13(30)16-14(7-12)40-24(22(36)19(16)33)10-2-4-11(29)5-3-10/h2-7,9,15,17-18,20-21,23,25-32,34-37H,8H2,1H3/t9-,15+,17-,18+,20+,21-,23+,25+,26-,27+/m0/s1	N/A	LC-ESI-QTOF	Positive	ESI	595.166	lib-00002.mgf	Bronze	3	0.964647	2.87144	0.00170898	1	MASSBANK	Putative Massbank Match	595.166	N/A	306.36	5	O([C@H]5C)[C@H]([C@@H]([C@@H]([C@H]5O)O)O)O[C@H]([C@H]4O)[C@@H](O[C@@H]([C@H]4O)CO)Oc(c3)cc(O1)c(c3O)C(C(=C(c(c2)ccc(O)c2)1)O)=O	1	595.164	ms2_mgf_file/specs_ms.mgf	CCMSLIB00000213826	503552	UPDATE-SINGLE-ANNOTATED-BRONZE	 
592	M+H-C9H10O5	20283925	1	Spectral Match to Rosmarinic acid from NIST14	Isolated	Data deposited by mjmeehan	0.0	ms2_mgf_file/specs_ms.mgf592	N/A	N/A	QqQ	Positive	ESI	163.039	lib-00024.mgf	Bronze	3	0.962048	1.8718	0.000305176	1	GNPS-NIST14-MATCHES	Data from Jairam KP Vanamala, PhD	163.039	N/A	254.51	6	N/A	1	163.039	ms2_mgf_file/specs_ms.mgf	CCMSLIB00003139305	25064	UPDATE-SINGLE-ANNOTATED-BRONZE	 
593	M+H	327979	1	Spectral Match to Chlorogenic acid from NIST14	Isolated	Data deposited by mjmeehan	0.0	ms2_mgf_file/specs_ms.mgf593	N/A	N/A	Q-TOF	Positive	ESI	355.103	lib-00024.mgf	Bronze	3	0.980388	0.25782	9.15527e-05	1	GNPS-NIST14-MATCHES	Data from Jairam KP Vanamala, PhD	355.103	N/A	256.52	7	N/A	1	355.103	ms2_mgf_file/specs_ms.mgf	CCMSLIB00003137915	1.13092e+06	UPDATE-SINGLE-ANNOTATED-BRONZE	 
594	M+NH4	n/a	1	NCGC00168941-08!(1S,3R,4R,5R)-3-[(E)-3-(3,4-dihydroxyphenyl)prop-2-enoyl]oxy-1,4,5-trihydroxycyclohexane-1-carboxylic acid	isolated	lfnothias	354.095	ms2_mgf_file/specs_ms.mgf594	InChI=1S/C16H18O9/c17-9-3-1-8(5-10(9)18)2-4-13(20)25-12-7-16(24,15(22)23)6-11(19)14(12)21/h1-5,11-12,14,17-19,21,24H,6-7H2,(H,22,23)/b4-2+/t11-,12-,14-,16+/m1/s1	N/A	Maxis II HD Q-TOF Bruker	positive	LC-ESI	372.129	lib-00000.mgf	Gold	1	0.963824	1.0661	0.000396729	1	GNPS-NIH-NATURALPRODUCTSLIBRARY_ROUND2_POSITIVE	Jadhav/Dorrestein	372.129	n/a	254.68	7	O[C@@H]1C[C@](O)(C[C@@H](OC(=O)\C=C\C2=CC(O)=C(O)C=C2)[C@@H]1O)C(O)=O	1	372.129	ms2_mgf_file/specs_ms.mgf	CCMSLIB00000848165	215060	UPDATE-SINGLE-ANNOTATED-GOLD	 
599	M+H	2243621	1	1,5-Diaminonaphthalene	Isolated	NIST	0.0	ms2_mgf_file/specs_ms.mgf599	N/A	N/A	Q-TOF	Positive	ESI	159.092	lib-00027.mgf	Bronze	3	0.739621	3.16509	0.00050354	1	NIST14	NIST	159.092	N/A	161.84	5	N/A	1	159.091	ms2_mgf_file/specs_ms.mgf	CCMSLIB00000359898	14092	UPDATE-SINGLE-ANNOTATED-BRONZE	 
618	M+H	2243621	1	1,5-Diaminonaphthalene	Isolated	NIST	0.0	ms2_mgf_file/specs_ms.mgf618	N/A	N/A	Q-TOF	Positive	ESI	159.092	lib-00027.mgf	Bronze	3	0.745214	3.83648	0.000610352	1	NIST14	NIST	159.092	N/A	214.31	5	N/A	1	159.091	ms2_mgf_file/specs_ms.mgf	CCMSLIB00000359898	10024	UPDATE-SINGLE-ANNOTATED-BRONZE	 
620	M+H	N/A	0	Ile Gln	Isolated	N/A	0.0	ms2_mgf_file/specs_ms.mgf620	N/A	N/A	LC-ESI-QTOF	Positive-20eV	LC-ESI	260.16	lib-00025.mgf	Bronze	3	0.792138	3.28448	0.000854492	1	METLIN	Metlin	260.16	N/A	35.21	5	N/A	1	260.16	ms2_mgf_file/specs_ms.mgf	CCMSLIB00000489524	14652	UPDATE-SINGLE-ANNOTATED-BRONZE	 
642	[M+H]	79-83-4	1	ReSpect:PT110060 D-Pantothenic acid hemicalcium salt|Vitamin B5|D-Pantothenic Acid|(R)-Pantothenate|(R)-(+)-N-(2,4-Dihydroxy-3,3-dimethyl-1-oxobutyl)-beta-alanine|3-[[(2R)-2,4-dihydroxy-3,3-dimethylbutanoyl]amino]prop	Isolated	ReSpect	0.0	ms2_mgf_file/specs_ms.mgf642	1/C9H17NO5/c1-9(2,5-11)7(14)8(15)10-4-3-6(12)13/h7,11,14H,3-5H2,1-2H3,(H,10,15)(H,12,13)/t7-/m0/s1/f/h10,12H	N/A	LC-Q-TOF/MS	Positive	ESI	220.118	lib-00007.mgf	Bronze	3	0.669062	2.70352	0.000595093	1	RESPECT	Putative ReSpect Match	220.118	N/A	176.02	6	CC(C)(CO)C(C(=O)NCCC(=O)O)O	1	220.117	ms2_mgf_file/specs_ms.mgf	CCMSLIB00000221537	12872	UPDATE-SINGLE-ANNOTATED-BRONZE	 
643	M+H	N/A	0	Val Glu Leu	Isolated	N/A	0.0	ms2_mgf_file/specs_ms.mgf643	N/A	N/A	LC-ESI-QTOF	Positive-20eV	LC-ESI	360.213	lib-00025.mgf	Bronze	3	0.708206	5.2527	0.00189209	1	METLIN	Metlin	360.213	N/A	266.2	10	N/A	1	360.211	ms2_mgf_file/specs_ms.mgf	CCMSLIB00000484903	27552	UPDATE-SINGLE-ANNOTATED-BRONZE	 
675	M+H	70-18-8	0	Glutathione	Isolated	N/A	0.0	ms2_mgf_file/specs_ms.mgf675	InChI=1S/C10H17N3O6S/c11-5(10(18)19)1-2-7(14)13-6(4-20)9(17)12-3-8(15)16/h5-6,20H,1-4,11H2,(H,12,17)(H,13,14)(H,15,16)(H,18,19)	N/A	LC-ESI-QTOF	Positive-20eV	LC-ESI	308.091	lib-00025.mgf	Bronze	3	0.50352	13.8675	0.00427246	1	METLIN	Metlin	308.091	N/A	26.42	11	N/A	1	308.087	ms2_mgf_file/specs_ms.mgf	CCMSLIB00000529167	38980	UPDATE-SINGLE-ANNOTATED-BRONZE	 
678	M+H	7665998	1	Guanosine 3',5'-cyclic monophosphate	Isolated	NIST	0.0	ms2_mgf_file/specs_ms.mgf678	N/A	N/A	Q-TOF	Positive	ESI	346.055	lib-00027.mgf	Bronze	3	0.915158	1.14643	0.000396729	1	NIST14	NIST	346.055	N/A	69.47	5	N/A	1	346.054	ms2_mgf_file/specs_ms.mgf	CCMSLIB00000362416	105424	UPDATE-SINGLE-ANNOTATED-BRONZE	 
692	M+H-H2O	331395	1	Spectral Match to Caffeic acid from NIST14	Isolated	Data deposited by mjmeehan	0.0	ms2_mgf_file/specs_ms.mgf692	N/A	N/A	Q-TOF	Positive	ESI	163.039	lib-00024.mgf	Bronze	3	0.933049	0.561539	9.15527e-05	1	GNPS-NIST14-MATCHES	Data from Jairam KP Vanamala, PhD	163.039	N/A	204.51	6	N/A	1	163.039	ms2_mgf_file/specs_ms.mgf	CCMSLIB00003139221	18716	UPDATE-SINGLE-ANNOTATED-BRONZE	 
693	M+H	4319022	1	5-Hydroxyisovanillic acid	Isolated	NIST	0.0	ms2_mgf_file/specs_ms.mgf693	N/A	N/A	HCD	Positive	ESI	185.044	lib-00027.mgf	Bronze	3	0.721362	10.3075	0.00190735	1	NIST14	NIST	185.044	N/A	179.93	5	N/A	1	185.042	ms2_mgf_file/specs_ms.mgf	CCMSLIB00000288500	9140	UPDATE-SINGLE-ANNOTATED-BRONZE	 
694	M+H-NH3	73223	1	Spectral Match to L-Tryptophan from NIST14	Isolated	Data deposited by dfloros	0.0	ms2_mgf_file/specs_ms.mgf694	N/A	N/A	Q-TOF	Positive	ESI	188.072	lib-00024.mgf	Bronze	3	0.992148	7.46421	0.00140381	1	GNPS-NIST14-MATCHES	Data from Pieter Dorrestein	188.072	N/A	146.18	8	N/A	1	188.071	ms2_mgf_file/specs_ms.mgf	CCMSLIB00003135119	240812	UPDATE-SINGLE-ANNOTATED-BRONZE	 
695	M+H	73223	1	Spectral Match to L-Tryptophan from NIST14	Isolated	Data deposited by dfloros	0.0	ms2_mgf_file/specs_ms.mgf695	N/A	N/A	Q-TOF	Positive	ESI	205.094	lib-00024.mgf	Bronze	3	0.989777	16.1446	0.00331116	1	GNPS-NIST14-MATCHES	Data from Pieter Dorrestein	205.094	N/A	147.04	7	N/A	1	205.097	ms2_mgf_file/specs_ms.mgf	CCMSLIB00003136916	1.05421e+06	UPDATE-SINGLE-ANNOTATED-BRONZE	 
7	M+H	1074868	1	Spectral Match to 1H-Indole-4-carboxaldehyde from NIST14	Isolated	Data deposited by fevargas	0.0	ms2_mgf_file/specs_ms.mgf7	N/A	N/A	HCD	Positive	ESI	146.06	lib-00024.mgf	Bronze	3	0.895823	6.79051	0.000991821	1	GNPS-NIST14-MATCHES	Data from Suryasarathi Dasgupta	146.06	N/A	165.77	5	N/A	1	146.059	ms2_mgf_file/specs_ms.mgf	CCMSLIB00003137574	9412	UPDATE-SINGLE-ANNOTATED-BRONZE	 
701	M+H	3422397	1	.alpha.-L-Glu-L-Tyr	Isolated	NIST	0.0	ms2_mgf_file/specs_ms.mgf701	N/A	N/A	Q-TOF	Positive	ESI	311.124	lib-00027.mgf	Bronze	3	0.807586	6.67	0.0020752	1	NIST14	NIST	311.124	N/A	110.11	9	N/A	1	311.126	ms2_mgf_file/specs_ms.mgf	CCMSLIB00000358040	41780	UPDATE-SINGLE-ANNOTATED-BRONZE	 
703	M+H	327979	1	Spectral Match to Chlorogenic acid from NIST14	Isolated	Data deposited by dfloros	0.0	ms2_mgf_file/specs_ms.mgf703	N/A	N/A	HCD	Positive	ESI	355.101	lib-00024.mgf	Bronze	3	0.982653	4.21109	0.00149536	1	GNPS-NIST14-MATCHES	Data from Pieter Dorrestein	355.101	N/A	198.41	6	N/A	1	355.103	ms2_mgf_file/specs_ms.mgf	CCMSLIB00003139730	746688	UPDATE-SINGLE-ANNOTATED-BRONZE	 
705	M+NH4	n/a	1	NCGC00168941-08!(1S,3R,4R,5R)-3-[(E)-3-(3,4-dihydroxyphenyl)prop-2-enoyl]oxy-1,4,5-trihydroxycyclohexane-1-carboxylic acid	isolated	lfnothias	354.095	ms2_mgf_file/specs_ms.mgf705	InChI=1S/C16H18O9/c17-9-3-1-8(5-10(9)18)2-4-13(20)25-12-7-16(24,15(22)23)6-11(19)14(12)21/h1-5,11-12,14,17-19,21,24H,6-7H2,(H,22,23)/b4-2+/t11-,12-,14-,16+/m1/s1	N/A	Maxis II HD Q-TOF Bruker	positive	LC-ESI	372.129	lib-00000.mgf	Gold	1	0.929963	2.13221	0.000793457	1	GNPS-NIH-NATURALPRODUCTSLIBRARY_ROUND2_POSITIVE	Jadhav/Dorrestein	372.129	n/a	208.57	5	O[C@@H]1C[C@](O)(C[C@@H](OC(=O)\C=C\C2=CC(O)=C(O)C=C2)[C@@H]1O)C(O)=O	1	372.128	ms2_mgf_file/specs_ms.mgf	CCMSLIB00000848165	14988	UPDATE-SINGLE-ANNOTATED-GOLD	 
706	M+H	N/A	0	Leu Leu His	Isolated	N/A	0.0	ms2_mgf_file/specs_ms.mgf706	N/A	N/A	LC-ESI-QTOF	Positive-20eV	LC-ESI	382.245	lib-00025.mgf	Bronze	3	0.911942	4.15156	0.00158691	1	METLIN	Metlin	382.245	N/A	141.1	14	N/A	1	382.243	ms2_mgf_file/specs_ms.mgf	CCMSLIB00000518812	77808	UPDATE-SINGLE-ANNOTATED-BRONZE	 
723	M+H	60184	1	Spectral Match to L-Tyrosine from NIST14	Isolated	Data deposited by mjmeehan	0.0	ms2_mgf_file/specs_ms.mgf723	N/A	N/A	HCD	Positive	ESI	182.085	lib-00024.mgf	Bronze	3	0.994471	18.6875	0.00340271	1	GNPS-NIST14-MATCHES	Data from Bernhard Palsson	182.085	N/A	33.51	6	N/A	1	182.082	ms2_mgf_file/specs_ms.mgf	CCMSLIB00003136243	734356	UPDATE-SINGLE-ANNOTATED-BRONZE	 
731	M+H	634015	1	Spectral Match to Adenosine 2',3'-cyclic monophosphate from NIST14	Isolated	Data deposited by mjmeehan	0.0	ms2_mgf_file/specs_ms.mgf731	N/A	N/A	Q-TOF	Positive	ESI	330.06	lib-00024.mgf	Bronze	3	0.971081	2.1266	0.000701904	1	GNPS-NIST14-MATCHES	Data from Jairam KP Vanamala, PhD	330.06	N/A	50.63	10	N/A	1	330.059	ms2_mgf_file/specs_ms.mgf	CCMSLIB00003136106	161456	UPDATE-SINGLE-ANNOTATED-BRONZE	 
74	M+H-H2O	526556	1	Spectral Match to 3-(2-Hydroxyethyl)indole from NIST14	Isolated	Data deposited by negarg	0.0	ms2_mgf_file/specs_ms.mgf74	N/A	N/A	Q-TOF	Positive	ESI	144.08	lib-00024.mgf	Bronze	3	0.978611	2.1181	0.000305176	1	GNPS-NIST14-MATCHES	Data from Pieter C. Dorrestein	144.08	N/A	186.37	6	N/A	1	144.08	ms2_mgf_file/specs_ms.mgf	CCMSLIB00003136335	10076	UPDATE-SINGLE-ANNOTATED-BRONZE	 
756	M+H	25138663	1	S-Lactoylglutathione	Isolated	NIST	0.0	ms2_mgf_file/specs_ms.mgf756	N/A	N/A	HCD	Positive	ESI	380.112	lib-00027.mgf	Bronze	3	0.761925	2.40857	0.000915527	1	NIST14	NIST	380.112	N/A	59.75	9	N/A	1	380.111	ms2_mgf_file/specs_ms.mgf	CCMSLIB00000274481	37744	UPDATE-SINGLE-ANNOTATED-BRONZE	 
76	M+H-C9H10O5	20283925	1	Spectral Match to Rosmarinic acid from NIST14	Isolated	Data deposited by mjmeehan	0.0	ms2_mgf_file/specs_ms.mgf76	N/A	N/A	QqQ	Positive	ESI	163.039	lib-00024.mgf	Bronze	3	0.935196	1.21667	0.000198364	1	GNPS-NIST14-MATCHES	Data from Jairam KP Vanamala, PhD	163.039	N/A	233.9	6	N/A	1	163.039	ms2_mgf_file/specs_ms.mgf	CCMSLIB00003139305	17880	UPDATE-SINGLE-ANNOTATED-BRONZE	 
762	M+H	2457-80-9	1	NCGC00263645-02_C11H15N5O3S_	isolated	lfnothias	297.09	ms2_mgf_file/specs_ms.mgf762	InChI=1S/C11H15N5O3S/c1-20-2-5-7(17)8(18)11(19-5)16-4-15-6-9(12)13-3-14-10(6)16/h3-5,7-8,11,17-18H,2H2,1H3,(H2,12,13,14)	N/A	Maxis II HD Q-TOF Bruker	positive	LC-ESI	298.097	lib-00000.mgf	Gold	1	0.9789	4.29974	0.00128174	1	GNPS-NIH-NATURALPRODUCTSLIBRARY_ROUND2_POSITIVE	Jadhav/Dorrestein	298.097	n/a	183	6	CSCC1OC(C(O)C1O)[N]2C=NC3=C2N=CN=C3N	1	298.096	ms2_mgf_file/specs_ms.mgf	CCMSLIB00000853965	158128	UPDATE-SINGLE-ANNOTATED-GOLD	 
763	M+NH4	n/a	1	NCGC00168941-08!(1S,3R,4R,5R)-3-[(E)-3-(3,4-dihydroxyphenyl)prop-2-enoyl]oxy-1,4,5-trihydroxycyclohexane-1-carboxylic acid	isolated	lfnothias	354.095	ms2_mgf_file/specs_ms.mgf763	InChI=1S/C16H18O9/c17-9-3-1-8(5-10(9)18)2-4-13(20)25-12-7-16(24,15(22)23)6-11(19)14(12)21/h1-5,11-12,14,17-19,21,24H,6-7H2,(H,22,23)/b4-2+/t11-,12-,14-,16+/m1/s1	N/A	Maxis II HD Q-TOF Bruker	positive	LC-ESI	372.129	lib-00000.mgf	Gold	1	0.972114	1.88619	0.000701904	1	GNPS-NIH-NATURALPRODUCTSLIBRARY_ROUND2_POSITIVE	Jadhav/Dorrestein	372.129	n/a	154.69	6	O[C@@H]1C[C@](O)(C[C@@H](OC(=O)\C=C\C2=CC(O)=C(O)C=C2)[C@@H]1O)C(O)=O	1	372.128	ms2_mgf_file/specs_ms.mgf	CCMSLIB00000848165	21752	UPDATE-SINGLE-ANNOTATED-GOLD	 
786	M+H	N/A	0	Val Leu Gln	Isolated	N/A	0.0	ms2_mgf_file/specs_ms.mgf786	N/A	N/A	LC-ESI-QTOF	Positive-20eV	LC-ESI	359.229	lib-00025.mgf	Bronze	3	0.877057	4.92728	0.00177002	1	METLIN	Metlin	359.229	N/A	205.09	10	N/A	1	359.227	ms2_mgf_file/specs_ms.mgf	CCMSLIB00000521540	46204	UPDATE-SINGLE-ANNOTATED-BRONZE	 
796	M+Na	26853316	1	Spectral Match to 1-Hexadecanoyl-2-(9Z-octadecenoyl)-sn-glycero-3-phosphocholine from NIST14	Isolated	Data deposited by negarg	0.0	ms2_mgf_file/specs_ms.mgf796	N/A	N/A	HCD	Positive	ESI	782.569	lib-00024.mgf	Bronze	3	0.987961	1.63786	0.00128174	1	GNPS-NIST14-MATCHES	Data from Pieter C. Dorrestein	782.569	N/A	708.85	6	N/A	1	782.568	ms2_mgf_file/specs_ms.mgf	CCMSLIB00003136628	58468	UPDATE-SINGLE-ANNOTATED-BRONZE	 
80	M+H-NH3	73223	1	Spectral Match to L-Tryptophan from NIST14	Isolated	Data deposited by dfloros	0.0	ms2_mgf_file/specs_ms.mgf80	N/A	N/A	Q-TOF	Positive	ESI	188.072	lib-00024.mgf	Bronze	3	0.961821	8.03214	0.00151062	1	GNPS-NIST14-MATCHES	Data from Pieter Dorrestein	188.072	N/A	105.06	7	N/A	1	188.07	ms2_mgf_file/specs_ms.mgf	CCMSLIB00003135119	211488	UPDATE-SINGLE-ANNOTATED-BRONZE	 
808	M+H	N/A	1	Spectral Match to Leu-His from NIST14	Isolated	Data deposited by mjmeehan	0.0	ms2_mgf_file/specs_ms.mgf808	N/A	N/A	Q-TOF	Positive	ESI	269.162	lib-00024.mgf	Bronze	3	0.702204	9.97744	0.00268555	1	GNPS-NIST14-MATCHES	Data from Gabriel Haddad	269.162	N/A	199.51	6	N/A	1	269.159	ms2_mgf_file/specs_ms.mgf	CCMSLIB00003139726	14012	UPDATE-SINGLE-ANNOTATED-BRONZE	 
811	M+H	3422397	1	.alpha.-L-Glu-L-Tyr	Isolated	NIST	0.0	ms2_mgf_file/specs_ms.mgf811	N/A	N/A	Q-TOF	Positive	ESI	311.124	lib-00027.mgf	Bronze	3	0.787973	0	0	1	NIST14	NIST	311.124	N/A	151.05	7	N/A	1	311.124	ms2_mgf_file/specs_ms.mgf	CCMSLIB00000358040	22192	UPDATE-SINGLE-ANNOTATED-BRONZE	 
812	M+H	N/A	0	Val Leu Gln	Isolated	N/A	0.0	ms2_mgf_file/specs_ms.mgf812	N/A	N/A	LC-ESI-QTOF	Positive-20eV	LC-ESI	359.229	lib-00025.mgf	Bronze	3	0.89056	4.92728	0.00177002	1	METLIN	Metlin	359.229	N/A	159.39	10	N/A	1	359.227	ms2_mgf_file/specs_ms.mgf	CCMSLIB00000521540	61852	UPDATE-SINGLE-ANNOTATED-BRONZE	 
82	[M+H]+	59-92-7	1	Massbank:BML01812 3,4-Dihydroxy-L-phenylalanine	Isolated	Massbank	0.0	ms2_mgf_file/specs_ms.mgf82	1S/C9H11NO4/c10-6(9(13)14)3-5-1-2-7(11)8(12)4-5/h1-2,4,6,11-12H,3,10H2,(H,13,14)	N/A	LC-ESI-QTOF	Positive	ESI	198.076	lib-00002.mgf	Bronze	3	0.851895	2.00291	0.000396729	1	MASSBANK	Putative Massbank Match	198.076	N/A	28.65	5	C1=CC(=C(C=C1CC(C(=O)O)N)O)O	1	198.076	ms2_mgf_file/specs_ms.mgf	CCMSLIB00000205432	54332	UPDATE-SINGLE-ANNOTATED-BRONZE	 
84	M+H	73223	1	Spectral Match to L-Tryptophan from NIST14	Isolated	Data deposited by dfloros	0.0	ms2_mgf_file/specs_ms.mgf84	N/A	N/A	Q-TOF	Positive	ESI	205.094	lib-00024.mgf	Bronze	3	0.993439	16.591	0.00340271	1	GNPS-NIST14-MATCHES	Data from Pieter Dorrestein	205.094	N/A	104.67	7	N/A	1	205.097	ms2_mgf_file/specs_ms.mgf	CCMSLIB00003136916	748768	UPDATE-SINGLE-ANNOTATED-BRONZE	 
859	M+H	n/a	1	NCGC00178013-03!7-[(2S,3R,4S,5S,6R)-4,5-dihydroxy-6-(hydroxymethyl)-3-[(2S,3R,4R,5R,6S)-3,4,5-trihydroxy-6-methyloxan-2-yl]oxyoxan-2-yl]oxy-5-hydroxy-2-(4-hydroxyphenyl)chromen-4-one	isolated	lfnothias	578.164	ms2_mgf_file/specs_ms.mgf859	InChI=1S/C27H30O14/c1-10-20(32)22(34)24(36)26(37-10)41-25-23(35)21(33)18(9-28)40-27(25)38-13-6-14(30)19-15(31)8-16(39-17(19)7-13)11-2-4-12(29)5-3-11/h2-8,10,18,20-30,32-36H,9H2,1H3/t10-,18+,20-,21+,22+,23-,24+,25+,26-,27+/m0/s1	N/A	Maxis II HD Q-TOF Bruker	positive	LC-ESI	579.171	lib-00000.mgf	Gold	1	0.966989	0.737686	0.000427246	1	GNPS-NIH-NATURALPRODUCTSLIBRARY_ROUND2_POSITIVE	Jadhav/Dorrestein	579.171	n/a	272.48	5	C[C@@H]1O[C@@H](O[C@@H]2[C@@H](O)[C@H](O)[C@@H](CO)O[C@H]2OC3=CC4=C(C(=O)C=C(O4)C5=CC=C(O)C=C5)C(O)=C3)[C@H](O)[C@H](O)[C@H]1O	1	579.171	ms2_mgf_file/specs_ms.mgf	CCMSLIB00000848573	773132	UPDATE-SINGLE-ANNOTATED-GOLD	 
874	+	N/A	1	Deoxyadenosine	Isolated	Metlin	0.0	ms2_mgf_file/specs_ms.mgf874	N/A	N/A	=LCESIQTOFpos	Positive	LC-ESI	252.109	lib-00037.mgf	Bronze	3	0.825591	2.23941	0.000564575	1	METLIN_INTERIM	Metlin	252.109	N/A	76.62	5	N/A	1	252.109	ms2_mgf_file/specs_ms.mgf	CCMSLIB00000418677	246720	UPDATE-SINGLE-ANNOTATED-BRONZE	 
876	M+H	N/A	0	Leu Leu His	Isolated	N/A	0.0	ms2_mgf_file/specs_ms.mgf876	N/A	N/A	LC-ESI-QTOF	Positive-20eV	LC-ESI	382.245	lib-00025.mgf	Bronze	3	0.91623	4.15156	0.00158691	1	METLIN	Metlin	382.245	N/A	196.4	13	N/A	1	382.243	ms2_mgf_file/specs_ms.mgf	CCMSLIB00000518812	73616	UPDATE-SINGLE-ANNOTATED-BRONZE	 
879	M+H	2382663	1	Spectral Match to Adenylyl(3'-5')cytidine from NIST14	Isolated	Data deposited by fevargas	0.0	ms2_mgf_file/specs_ms.mgf879	N/A	N/A	Q-TOF	Positive	ESI	573.145	lib-00024.mgf	Bronze	3	0.738714	0.319475	0.000183105	1	GNPS-NIST14-MATCHES	Data from Chris Turck	573.145	N/A	182.69	10	N/A	1	573.145	ms2_mgf_file/specs_ms.mgf	CCMSLIB00003134966	42576	UPDATE-SINGLE-ANNOTATED-BRONZE	 
891	+	N/A	1	Glutathioneoxidized	Isolated	Metlin	0.0	ms2_mgf_file/specs_ms.mgf891	N/A	N/A	=LCESIQTOFpos	Positive	LC-ESI	613.159	lib-00037.mgf	Bronze	3	0.821045	1.69222	0.0010376	1	METLIN_INTERIM	Metlin	613.159	N/A	47.68	16	N/A	1	613.158	ms2_mgf_file/specs_ms.mgf	CCMSLIB00000418050	260188	UPDATE-SINGLE-ANNOTATED-BRONZE	 
896	M+H	N/A	0	Ile Val Asn	Isolated	N/A	0.0	ms2_mgf_file/specs_ms.mgf896	N/A	N/A	LC-ESI-QTOF	Positive-20eV	LC-ESI	345.213	lib-00025.mgf	Bronze	3	0.817449	0.795619	0.000274658	1	METLIN	Metlin	345.213	N/A	124.45	6	N/A	1	345.213	ms2_mgf_file/specs_ms.mgf	CCMSLIB00000522511	8064	UPDATE-SINGLE-ANNOTATED-BRONZE	 
9	M+H-C9H10O5	20283925	1	Spectral Match to Rosmarinic acid from NIST14	Isolated	Data deposited by mjmeehan	0.0	ms2_mgf_file/specs_ms.mgf9	N/A	N/A	QqQ	Positive	ESI	163.039	lib-00024.mgf	Bronze	3	0.956124	1.21667	0.000198364	1	GNPS-NIST14-MATCHES	Data from Jairam KP Vanamala, PhD	163.039	N/A	250.84	6	N/A	1	163.039	ms2_mgf_file/specs_ms.mgf	CCMSLIB00003139305	24420	UPDATE-SINGLE-ANNOTATED-BRONZE	 
913	M+H	2243621	1	1,5-Diaminonaphthalene	Isolated	NIST	0.0	ms2_mgf_file/specs_ms.mgf913	N/A	N/A	Q-TOF	Positive	ESI	159.092	lib-00027.mgf	Bronze	3	0.760796	2.58962	0.000411987	1	NIST14	NIST	159.092	N/A	194.12	5	N/A	1	159.091	ms2_mgf_file/specs_ms.mgf	CCMSLIB00000359898	14180	UPDATE-SINGLE-ANNOTATED-BRONZE	 
977	M+H	 	1	Anthocyanin [M+]|Coumaroylated Anthocyanidin Gloucoside|3-(Coum-Rha-Glc)-5-Glc-DeoxyPetunidin	Crude	D Floros	917.272	ms2_mgf_file/specs_ms.mgf977	 	 	qTof	Positive	LC-ESI	917.272	lib-00010.mgf	Bronze	3	0.563634	2.59505	0.00238037	1	GNPS-LIBRARY	P Dorrestein	917.272	 	302.6	11	CC1C(OC(/C=C/C2=CC=C(O)C=C2)=O)C(O)C(O)C(OCC3C(O)C(O)C(O)C(OC(C(C4=CC(OC)=C(O)C(O)=C4)=[O+]5)=CC6=C5C=CC=C6OC7C(O)C(O)C(O)C(CO)O7)O3)O1	1	917.27	ms2_mgf_file/specs_ms.mgf	CCMSLIB00000574548	1.21979e+06	UPDATE-SINGLE-ANNOTATED-BRONZE	 
981	M+H-H2O	526556	1	Spectral Match to 3-(2-Hydroxyethyl)indole from NIST14	Isolated	Data deposited by negarg	0.0	ms2_mgf_file/specs_ms.mgf981	N/A	N/A	Q-TOF	Positive	ESI	144.08	lib-00024.mgf	Bronze	3	0.978611	1.37676	0.000198364	1	GNPS-NIST14-MATCHES	Data from Pieter C. Dorrestein	144.08	N/A	199.71	6	N/A	1	144.08	ms2_mgf_file/specs_ms.mgf	CCMSLIB00003136335	10076	UPDATE-SINGLE-ANNOTATED-BRONZE	 
982	M+Na	n/a	1	NCGC00380365-01_C19H28O13_4-Hydroxy-3,5-dimethoxyphenyl 6-O-[(2S,3R,4R)-3,4-dihydroxy-4-(hydroxymethyl)tetrahydro-2-furanyl]-beta-D-glucopyranoside	isolated	lfnothias	464.153	ms2_mgf_file/specs_ms.mgf982	InChI=1S/C19H28O13/c1-27-9-3-8(4-10(28-2)12(9)21)31-17-15(24)14(23)13(22)11(32-17)5-29-18-16(25)19(26,6-20)7-30-18/h3-4,11,13-18,20-26H,5-7H2,1-2H3/t11-,13-,14+,15-,16+,17-,18+,19-/m1/s1	N/A	Maxis II HD Q-TOF Bruker	positive	LC-ESI	487.142	lib-00000.mgf	Gold	1	0.830531	0	0	1	GNPS-NIH-NATURALPRODUCTSLIBRARY_ROUND2_POSITIVE	Jadhav/Dorrestein	487.142	n/a	181.34	9	COC1=CC(=CC(=C1O)OC)O[C@@H]2O[C@H](CO[C@H]3OC[C@](O)(CO)[C@H]3O)[C@@H](O)[C@H](O)[C@H]2O	1	487.142	ms2_mgf_file/specs_ms.mgf	CCMSLIB00000853921	12932	UPDATE-SINGLE-ANNOTATED-GOLD	 
991	M+H-NH3	73223	1	Spectral Match to L-Tryptophan from NIST14	Isolated	Data deposited by dfloros	0.0	ms2_mgf_file/specs_ms.mgf991	N/A	N/A	Q-TOF	Positive	ESI	188.072	lib-00024.mgf	Bronze	3	0.991086	5.35476	0.00100708	1	GNPS-NIST14-MATCHES	Data from Pieter Dorrestein	188.072	N/A	118.32	8	N/A	1	188.071	ms2_mgf_file/specs_ms.mgf	CCMSLIB00003135119	193236	UPDATE-SINGLE-ANNOTATED-BRONZE	 
993	M+H	73223	1	Spectral Match to L-Tryptophan from NIST14	Isolated	Data deposited by dfloros	0.0	ms2_mgf_file/specs_ms.mgf993	N/A	N/A	Q-TOF	Positive	ESI	205.095	lib-00024.mgf	Bronze	3	0.973163	13.1686	0.00270081	1	GNPS-NIST14-MATCHES	Data from Pieter Dorrestein	205.095	N/A	119.43	7	N/A	1	205.098	ms2_mgf_file/specs_ms.mgf	CCMSLIB00003135901	688196	UPDATE-SINGLE-ANNOTATED-BRONZE	 
999	M+H	N/A	0	Val Leu Gln	Isolated	N/A	0.0	ms2_mgf_file/specs_ms.mgf999	N/A	N/A	LC-ESI-QTOF	Positive-20eV	LC-ESI	359.229	lib-00025.mgf	Bronze	3	0.877057	2.97336	0.00106812	1	METLIN	Metlin	359.229	N/A	181.91	10	N/A	1	359.228	ms2_mgf_file/specs_ms.mgf	CCMSLIB00000521540	46204	UPDATE-SINGLE-ANNOTATED-BRONZE	 
